Time,CHLA,DIN,DON,KD,NH4F,NO23F,SALINITY,TDN,TSS,WTEMP
86400,2.68250521697442,1.44694844071578,0.0832151467709722,1.12103195817066,0.0299117208561625,1.41703671985962,0,1.66696180691431,10.7651450407999,3.34067467020542
172800,2.6554757439856,1.44657474947099,0.0854514988991548,1.17163623776942,0.0306417414397132,1.41593300803128,0,1.66768849478126,10.8555847732432,3.32543180735111
259200,2.62844627099677,1.4462010582262,0.0876878510273374,1.22224051736818,0.0313717620232638,1.41482929620294,0,1.6684151826482,10.9460245056865,3.3101889444968
345600,2.60141679800795,1.44582736698141,0.0899242031555201,1.27284479696694,0.0321017826068144,1.41372558437459,0,1.66914187051515,11.0364642381297,3.29494608164249
432000,2.57438732501912,1.44545367573662,0.0921605552837027,1.3234490765657,0.032831803190365,1.41262187254625,0,1.66986855838209,11.126903970573,3.27970321878817
518400,2.5473578520303,1.44507998449183,0.0943969074118853,1.37405335616446,0.0335618237739156,1.41151816071791,0,1.67059524624903,11.2173437030163,3.26446035593386
604800,2.52032837904147,1.44470629324704,0.096633259540068,1.42465763576322,0.0342918443574663,1.41041444888957,0,1.67132193411598,11.3077834354596,3.24921749307955
691200,2.49329890605265,1.44433260200224,0.0988696116682506,1.47526191536197,0.0350218649410169,1.40931073706123,0,1.67204862198292,11.3982231679029,3.23397463022524
777600,2.46626943306382,1.44395891075745,0.101105963796433,1.52586619496073,0.0357518855245675,1.40820702523289,0,1.67277530984986,11.4886629003461,3.21873176737093
864000,2.439239960075,1.44358521951266,0.103342315924616,1.57647047455949,0.0364819061081181,1.40710331340454,0,1.67350199771681,11.5791026327894,3.20348890451661
950400,2.41221048708617,1.44321152826787,0.105578668052799,1.62707475415825,0.0372119266916688,1.4059996015762,0,1.67422868558375,11.6695423652327,3.1882460416623
1036800,2.38518101409735,1.44283783702308,0.107815020180981,1.67767903375701,0.0379419472752194,1.40489588974786,0,1.6749553734507,11.759982097676,3.17300317880799
1123200,2.35815154110852,1.44246414577829,0.110051372309164,1.72828331335577,0.03867196785877,1.40379217791952,0,1.67568206131764,11.8504218301193,3.15776031595368
1209600,2.33112186079885,1.44209044963489,0.112287721453606,1.77888759295452,0.0394019975677643,1.40268845162295,0,1.67640874327296,11.9408627481099,3.14251735870192
1296000,2.30212073912308,1.44167017199499,0.114495697819716,1.82949187255328,0.0402188023272569,1.40144714503948,0,1.67707921078158,12.0425771924116,3.12637676363998
1382400,2.27055563403396,1.44118931219097,0.116666773604207,1.88009615215204,0.0411484634942477,1.40002690664516,0,1.67767656786887,12.1589535662887,3.10906873418406
1468800,2.23836579303808,1.44069369103825,0.118828858254747,1.9307004317508,0.042105623064584,1.39856307002532,0,1.67825611099328,12.2789024413842,3.09147624961783
1555200,2.20749046364204,1.44022912935223,0.121009861219004,1.98130471134956,0.0430049230341133,1.39719096876528,0,1.67887313661324,12.3913343893411,3.07448228922493
1641600,2.17986889335245,1.43984144794835,0.123237691944646,2.03190899094832,0.0437610053986827,1.39604593645035,0,1.67958294118722,12.4851599818022,3.05896983228904
1728000,2.15744032967588,1.43957646764203,0.12554025987934,2.08251327054708,0.0442885121541396,1.39526330666588,0,1.68044082117365,12.5492897904106,3.04582185809381
1814400,2.1421431206851,1.43948020380189,0.127945479677949,2.13311904167387,0.0445021249839791,1.3949785715447,0,1.68150212811862,12.5726386063559,3.03592091139387
1900800,2.13116888991078,1.44050211536268,0.130494958428384,2.1900860278033,0.0445293666136389,1.39603066566073,0,1.68306912638116,12.5671458991058,3.02789634339
1987200,2.1209040647732,1.44328654671536,0.133181369084687,2.25522716098141,0.0445464706650589,1.39888237297158,0,1.68532310549991,12.5514679527676,3.02014404484289
2073600,2.11170853352796,1.44750194445965,0.135961362731671,2.32233750762414,0.0445575428842742,1.40317021841725,0,1.68816063056122,12.5263341532388,3.01301732020495
2160000,2.10394218443065,1.45281675519525,0.138791590454151,2.38521213414743,0.0445666890173202,1.40853072693773,0,1.69147826665145,12.4924738864168,3.00686947392859
2246400,2.09796490573686,1.45889942552189,0.141628703336942,2.43764610696723,0.044578014810232,1.41460042347301,0,1.69517257885694,12.4506165381992,3.00205381046624
2332800,2.09413658570217,1.46541840203928,0.144429352464857,2.47343449249949,0.0445956260090449,1.42101583296308,0,1.69914013226405,12.4014914944833,2.99892363427031
2419200,2.09282604783228,1.47204322973183,0.147150265614312,2.48636388193737,0.0446238560196984,1.42741436124194,0,1.70327799137404,12.3457853980268,2.99783506609887
2505600,2.11754853542147,1.48127391609097,0.149948788755073,2.45080057451354,0.0452468009215179,1.43572946597056,0,1.70875169248953,12.1755983819329,3.00657631143738
2592000,2.18194808183361,1.49433981190996,0.152905056943202,2.36023216359178,0.0467586182143882,1.44697584209036,0,1.71607785044007,11.8384826783184,3.03035003365236
2678400,2.27433271001331,1.50934202103479,0.155883552803115,2.23452523315704,0.0487986881360529,1.45968348597317,0,1.72433360279105,11.4051693655427,3.06649970273054
2764800,2.38301044290522,1.52438164731146,0.158748758959227,2.09354636719426,0.0510063909242556,1.47238239399083,0,1.73259608710785,10.9463895219652,3.11236878865865
2851200,2.49628930345393,1.53755979458597,0.161365158035956,1.95716214968841,0.0530211068167398,1.48360256251518,0,1.73994244095588,10.5328742259451,3.1653007614234
2937600,2.60247731460409,1.54697756670432,0.163597232657718,1.84523916462443,0.0544822160512493,1.49187398791805,0,1.74544980190051,10.2353545558419,3.22263909101154
3024000,2.68989175509398,1.55073820934391,0.165309605889125,1.77762667008089,0.055029379483814,1.4957283077862,0,1.74819632738088,10.1244945998493,3.2817356782676
3110400,2.76544487326518,1.55118103090242,0.166649384317763,1.73918067644941,0.0548890601681923,1.496943930915,0,1.74927822547523,10.1358260957081,3.35472893515028
3196800,2.84109921220421,1.55155886716588,0.167841592689727,1.7045966362758,0.0545287005017274,1.49800238310032,0,1.75023039271299,10.1662364852538,3.45015310051522
3283200,2.91501759337161,1.55187045631612,0.168902176599052,1.67423326857034,0.0540182933736829,1.4988924233415,0,1.75103910544538,10.2119923256734,3.5620180578234
3369600,2.98536283822787,1.55211453653498,0.169847081639775,1.64844929234331,0.0534278316733228,1.49960281063785,0,1.75169064002366,10.269360174154,3.68433369053582
3456000,3.05029776823352,1.5522898460043,0.170692253405931,1.62760342660498,0.0528273082899108,1.5001223039887,0,1.75217127279904,10.3346065878827,3.81110988211346
3542400,3.10798520484908,1.55239512290591,0.171453637491555,1.61205439036565,0.0522867161127108,1.50043966239337,0,1.75246728012277,10.4039981240463,3.93635651601731
3628800,3.15658969854181,1.55242770371443,0.172147180415862,1.60215941041849,0.0518759809388676,1.50054236798612,0,1.7525635610241,10.4738122962945,4.0540893095002
3715200,3.19707254144698,1.55072343549587,0.172787486305602,1.59619002957544,0.0515657965371173,1.49891174620162,0,1.7508186025063,10.5541483958394,4.16682292472394
3801600,3.23238662509389,1.54629241041426,0.173379499558284,1.59193828268781,0.0512846814028603,1.49467109684328,0,1.74627672765459,10.6529890641126,4.28025008793967
3888000,3.2640366387993,1.53985878540702,0.173924859197166,1.58873847148258,0.051025632530945,1.4885116766547,0,1.73967200711351,10.7656629622534,4.39434158546389
3974400,3.29352727187997,1.53214671741158,0.174425204245506,1.5859248976867,0.0507816469162198,1.48112474237949,0,1.73173851152759,10.8874987514009,4.50906820361307
4060800,3.32236321365265,1.52388036336536,0.174882173726562,1.58283186302713,0.0505457215535332,1.47320155076124,0,1.72321031154137,11.0138250926946,4.62440072870369
4147200,3.35204915343411,1.51578388020578,0.175297406663592,1.57879366923082,0.0503108534377337,1.46543335854356,0,1.71482147779939,11.1399706472735,4.74030994705222
4233600,3.38408652472502,1.50858071113579,0.175672581934625,1.57314022202896,0.050070055232166,1.45851074340723,0,1.70730538109141,11.2612594109279,4.85676425649126
4320000,3.41680522535154,1.50215681531766,0.176042516734492,1.5617256955579,0.0498314987702267,1.45232653669616,0,1.70056492065694,11.3709230164154,4.97181130586419
4406400,3.44856681290964,1.49587281333046,0.176420365443852,1.54346522372268,0.0496028153148011,1.44627021269214,0,1.69395316636051,11.4714158978876,5.08504107568303
4492800,3.48035536588596,1.48953986691458,0.176782209080866,1.52152004756078,0.0493789246401554,1.44015907384587,0,1.68725685873868,11.5710946183891,5.19832237053528
4579200,3.51315496276711,1.48296913781042,0.177104128663694,1.49905140810964,0.0491547465205559,1.43381042260805,0,1.68026273832803,11.6783157409646,5.31352399500846
4665600,3.54794968203974,1.47597178775837,0.177362205210499,1.47922054640675,0.0489252007302687,1.42704156142939,0,1.67275754566513,11.8014358286588,5.43251475369006
4752000,3.58572360219047,1.4683589784988,0.17753251973944,1.46518870348957,0.04868520704356,1.4196697927606,0,1.66452802128655,11.9488114445164,5.55716345116759
4838400,3.62745969415909,1.45994120528041,0.177591065177268,1.46011433056741,0.0484297053533214,1.4115117159636,0,1.65536013628256,12.1289050104967,5.68934113775231
4924800,3.67323881924401,1.45014899028596,0.177461162526784,1.46433881213978,0.0481678375229701,1.40197881867253,0,1.64459266587905,12.4181587055021,5.83177743429879
5011200,3.72290638123634,1.43887507081289,0.177118140717408,1.47559093614121,0.0479049222695169,1.39095433716778,0,1.63206638521065,12.8478834246788,5.98408099062687
5097600,3.77692450225976,1.42652303592216,0.176602747119823,1.49268570253429,0.0476332014299807,1.37885674387933,0,1.61820451891595,13.374795206463,6.14377739449757
5184000,3.83575530443793,1.41349647467473,0.175955729104711,1.51443811128164,0.0473449168413805,1.36610451123713,0,1.60343029163353,13.9556100892912,6.30839223367192
5270400,3.8998609098945,1.40019897613153,0.175217834042758,1.53966316234586,0.047032310340735,1.35311611167114,0,1.58816692800196,14.5470441115996,6.47545109591097
5356800,3.96970344075314,1.38703412935352,0.174429809304646,1.56717585568955,0.0466876237650632,1.34031001761134,0,1.57283765265982,15.1058133118245,6.64247956897575
5443200,4.04575986174834,1.37440468541531,0.173632021304609,1.5958045804013,0.0463030222973875,1.32810388183073,0,1.55786425248482,15.5887139939239,6.80700895912023
5529600,4.13613804547256,1.36214960555296,0.172653581360415,1.63188740378591,0.0458330863623937,1.31635523150909,0,1.54279737772651,16.0085001397321,6.97031855281939
5616000,4.24395808704893,1.34990111766149,0.171395069921281,1.67956230827354,0.045264857211173,1.30468754878043,0,1.5271862067136,16.4049103082973,7.13473344069023
5702400,4.36419379134726,1.33763948834305,0.169953197019613,1.7361455232574,0.0446289827140026,1.293057448154,0,1.51125798976991,16.7859923070556,7.30012004724999
5788800,4.49181896323734,1.32534498419978,0.168424672687822,1.79895327813069,0.0439561107411598,1.28142154413905,0,1.49523997721927,17.1597939434436,7.46634479701588
5875200,4.62180740758896,1.31299787183383,0.166906206958314,1.86530180228661,0.0432768891629218,1.26973645124483,0,1.47935941938551,17.5343630248975,7.63327411450514
5961600,4.74913292927191,1.30057841784734,0.165494509863498,1.93250732511837,0.0426219658495657,1.25795878398058,0,1.46384356659245,17.9177473588536,7.80077442423497
6048000,4.86878424139669,1.28806664019865,0.164286061492474,1.99790700060589,0.0420219111481162,1.24604496195937,0,1.44891908194152,18.3181054840928,7.96871043579344
6134400,4.98365050861853,1.27534881177514,0.163246736442612,2.06835052799802,0.0414644283513314,1.23388808446343,0,1.43448815975512,18.785581383718,8.13630198441827
6220800,5.09843573411289,1.26241927246596,0.162282582562492,2.14749998142594,0.0409212908285235,1.22150292576912,0,1.42033320241215,19.3230542707635,8.3035204350166
6307200,5.21264102756672,1.24939052274265,0.161372674011935,2.23041375653006,0.0403898540803161,1.2090052660285,0,1.40643058984927,19.8809771273591,8.47115352313983
6393600,5.32576749866692,1.23637506307675,0.160496084950758,2.31215024895079,0.039867473607333,1.19651088539364,0,1.39275670200315,20.4098029356348,8.63998898433934
6480000,5.43731625710044,1.22348539393982,0.15963188953878,2.38776785432851,0.0393515049101976,1.18413556401661,0,1.37928791881045,20.8599846777201,8.81081455416655
6566400,5.54678841255419,1.21083401580339,0.158759161935821,2.45232496830364,0.0388393034895337,1.17199508204947,0,1.36600062020783,21.181975335745,8.98441796817283
6652800,5.65367384901901,1.19853124342688,0.157856963608784,2.50091000201816,0.0383281996465042,1.16020304641346,0,1.35286938825963,21.326532930973,9.16157833395496
6739200,5.75387621531691,1.18590627570228,0.156907860664366,2.54103084683405,0.0378079798127788,1.14809495188784,0,1.3392694150486,21.3739737606692,9.33989082498038
6825600,5.84717222340358,1.17274377480488,0.155926047018955,2.58004213985354,0.0372789504153185,1.13545390476587,0,1.32510597063123,21.415104939733,9.51838616382698
6912000,5.93765148608186,1.15960105906263,0.154936714701199,2.616058659825,0.0367515096480876,1.12283007567748,0,1.3109547974885,21.4495381967798,9.69906367599507
6998400,6.02940361615463,1.14703544680346,0.153965055739746,2.64719518549682,0.0362360557050506,1.11077363525262,0,1.29739163810139,21.4768852604245,9.88392268698497
7084800,6.12651822642474,1.13560425635529,0.153036262163242,2.67156649561738,0.0357429867801717,1.09983475412123,0,1.2849922349509,21.4967578592825,10.074962522297
7171200,6.23308492969504,1.12586480604605,0.152175526000338,2.68728736893506,0.0352827010674154,1.09056360291323,0,1.274332330518,21.5087677219689,10.2741825074314
7257600,6.35320948366653,1.1183713881441,0.151407691394386,2.69242884186107,0.0348654949930034,1.08350736367088,0,1.26598445833427,21.5116914394561,10.4835916797973
7344000,6.49455258952109,1.11253115993409,0.150647102564595,2.67246451907817,0.0344679175594505,1.07807904025505,0,1.259315593366,21.2478045850525,10.7074105877159
7430400,6.65712155515686,1.10746874926096,0.149851964356345,2.6230130072059,0.0340742683477856,1.07340814821495,0,1.25343205501622,20.5959796809537,10.9455167536668
7516800,6.83512174987795,1.10301430474108,0.149078572314917,2.55305656518263,0.0336964116068723,1.06931999581244,0,1.24819698809843,19.6775305730874,11.1943555881688
7603200,7.02275854298846,1.09899797499088,0.148383221985596,2.47157745194673,0.0333462115855743,1.06563989130939,0,1.24347353742612,18.6137711073812,11.4503725017407
7689600,7.21423730379249,1.09524990862674,0.147822208913663,2.38755792643659,0.033035532532755,1.06219314296766,0,1.23912484781281,17.526015129763,11.7100129049012
7776000,7.40376340159416,1.09160025426505,0.147451828644403,2.30998024759058,0.0327762386972779,1.05880505904913,0,1.23501406407198,16.5355764861605,11.9697222081691
7862400,7.58557810354013,1.0878804120424,0.147328103298143,2.24777634096645,0.0325800586450506,1.05530221713864,0,1.23100520241544,15.7630523079753,12.2259708825535
7948800,7.76491422870069,1.08428962264782,0.147414474233481,2.1940761639203,0.0324184618514427,1.05188631418331,0,1.22721961772021,15.1060516999221,12.4827212394161
8035200,7.94726039267794,1.0809816965592,0.147641086559281,2.14026984756306,0.0322664993065261,1.04872021008267,0,1.22375135498509,14.4445621485086,12.7434723161818
8121600,8.13050929923713,1.07783365468312,0.147989037053749,2.088093758283,0.0321289340352821,1.04568763235811,0,1.22050269033095,13.8074701249715,13.0062790311211
8208000,8.3125536521435,1.07472251792617,0.14843942249509,2.0392842624684,0.0320105290626919,1.04267230853099,0,1.21737589987863,13.2236621005482,13.2691963025051
8294400,8.49128615516231,1.07152530719492,0.148973339661509,1.99557772650753,0.0319160474137369,1.03955796612268,0,1.21427325974899,12.7220245464757,13.5302790486044
8380800,8.6645995120588,1.06811904339595,0.149571885331214,1.95871051678867,0.0318502521133982,1.03622833265455,0,1.21109704606288,12.3314439339909,13.7875821876898
8467200,8.83038617068642,1.06437994457175,0.15021780904662,1.93040737487587,0.0318178355087312,1.0325661547518,0,1.20774950118315,12.0805414262021,14.0391683525255
8553600,8.98735388091113,1.06005545127331,0.151271805756343,1.9089332248802,0.031804620381276,1.02828407672101,0,1.20416292816852,11.9239967060558,14.2855044745911
8640000,9.13730594184096,1.05518800009107,0.152882822850046,1.89123301150658,0.0317959954059259,1.02341039793984,0,1.20040637562881,11.8039606608523,14.5283129990045
8726400,9.28276706221065,1.05002974744169,0.154854336811094,1.87606892411783,0.0317900534241726,1.01821988211539,0,1.1965848263296,11.7078957224832,14.7681931767875
8812800,9.42626195075493,1.04483284974183,0.156989824122849,1.86220315207676,0.0317848872775077,1.01298729295474,0,1.19280326303646,11.6232643228401,15.0057442589616
8899200,9.57031531620854,1.03984946340815,0.159092761268677,1.84839788474617,0.0317785898074227,1.00798739416502,0,1.18916666851496,11.5375288938149,15.2415654965486
8985600,9.7174518673062,1.03533174485732,0.16096662473194,1.83341531148888,0.0317692538554093,1.0034949494533,0,1.18578002553068,11.4381518672992,15.4762561405702
9072000,9.87024552214328,1.03152847944368,0.162416742042125,1.81601117192096,0.0317546915151291,0.999781271610438,0,1.1827463084534,11.3125332472852,15.7104398641303
9158400,10.0394788476347,1.02794995729925,0.163675103131548,1.79419951359772,0.0316782531646589,0.996353403707239,0,1.17974787942492,11.1407596118165,15.9490629680916
9244800,10.2245212618599,1.0242765680929,0.164953761253718,1.76865079928156,0.0315219073773032,0.992863761227159,0,1.17663568850575,10.9281622602353,16.1922713802966
9331200,10.4146303237657,1.02074932299953,0.166172795204746,1.74161140135795,0.0313195917903676,0.989532452260824,0,1.1736092097919,10.6952250735868,16.4353791385484
9417600,10.5990635922994,1.01760923319401,0.167252283780742,1.71532769221234,0.0311052440411576,0.986579584898857,0,1.17086791737935,10.4624319329162,16.6737002806506
9504000,10.7670786264079,1.01509730985124,0.168112305777816,1.6920460442302,0.0309128017669788,0.984225267231883,0,1.1686112853641,10.2502667192687,16.9025488444063
9590400,10.9079329850385,1.01345456414612,0.168672939992079,1.67401282979697,0.0307762026051365,0.982689607350526,0,1.16703878784214,10.0792133136895,17.117238867619
9676800,11.0110265805568,1.01291870724311,0.168855311400174,1.6634474325115,0.030729589623513,0.982189117626404,0,1.16634683753796,9.96952546368872,17.3131099282507
9763200,11.0946562545227,1.01303713169517,0.168801052078092,1.65694899094987,0.0308348871135866,0.982202245729781,0,1.16610205870392,9.89349571698691,17.4918625087044
9849600,11.1748895965444,1.01333859966616,0.168663411454403,1.65105184812021,0.0311029101640872,0.982235693051929,0,1.16589029654935,9.82273564335305,17.6588445634306
9936000,11.2481624868164,1.01379194228568,0.168457347640186,1.64590812442408,0.0315059055113031,0.982286042982031,0,1.1657134452273,9.75967815887019,17.8167470571964
10022400,11.3109108055335,1.01436599068335,0.168197818746521,1.64166994026303,0.0320161198915227,0.98234987890927,0,1.1655733988908,9.70675617962139,17.9682609547687
10108800,11.3595704328904,1.01502957598878,0.167899782884486,1.63848941603862,0.0326058000410344,0.982423784222829,0,1.16547205169288,9.66640262168971,18.1160772209146
10195200,11.3905772490816,1.01575152933159,0.167578198165159,1.63651867215239,0.0332471926961265,0.982504342311891,0,1.16541129778659,9.6410504011582,18.262886820401
10281600,11.4002661485584,1.01650198233619,0.167246901002269,1.63591059550958,0.0339137752370165,0.982588236657209,0,1.16539530332349,9.63319858468359,18.4113324128822
10368000,11.3710134494006,1.01746607397106,0.16674488832596,1.63682292823329,0.03478105125089,0.982689571668361,0,1.16579397184211,9.65404037192261,18.5559207026945
10454400,11.3015780039273,1.01873812524622,0.166025648840772,1.63894445691098,0.0359336998819338,0.982818438107023,0,1.16678484573094,9.70250563922325,18.6940210646696
10540800,11.2060434694141,1.02024053357498,0.165198610764987,1.64177471828804,0.0372926771548412,0.982972324613247,0,1.16823798029065,9.76716155248636,18.8292806728749
10627200,11.0984935031367,1.02189569637066,0.164373202316886,1.64481324910987,0.0387789390943059,0.983148719827089,0,1.17002343082196,9.83657527761277,18.9653467013776
10713600,10.9930117623709,1.02362601104655,0.16365885171475,1.64755958612185,0.0403134417250215,0.9833451123886,0,1.17201125262555,9.89931398050333,19.105866324245
10800000,10.9036819043924,1.02535387501599,0.163164987176861,1.64951326606938,0.0418171410716816,0.983558990937837,0,1.17407150100213,9.94394482705887,19.2544867155445
10886400,10.8444231433292,1.0270019091854,0.162999785583957,1.65017135060974,0.043212141656697,0.983787802157208,0,1.17607586138556,9.95916153476173,19.4148463242188
10972800,10.8013447048199,1.0285534540275,0.163053712471359,1.64888435165657,0.0446032594458943,0.984026426899131,0,1.17817147284494,9.9556388599245,19.5881973445267
11059200,10.7596495157828,1.03007050388624,0.163189768254564,1.6459078987077,0.0460627385662212,0.984284814215822,0,1.18051368797744,9.9467049899071,19.772668058859
11145600,10.7213162179167,1.03160847467713,0.163394299426047,1.64194261404179,0.0475375082621877,0.984580398980591,0,1.18309139941112,9.93318772504696,19.9666324066967
11232000,10.6883234529204,1.03322278231569,0.16365365247828,1.6376891199375,0.0489744977783038,0.98493061606675,0,1.18589349977405,9.91591486568153,20.1684643275205
11318400,10.6626498624927,1.03496884271744,0.163954173903736,1.63384803867348,0.0503206363590795,0.985352900347611,0,1.1889088816943,9.89571421214826,20.3765377608114
11404800,10.6462740883324,1.03690207179789,0.164282210194888,1.63111999252841,0.0515228532490248,0.985864686696484,0,1.19212643779993,9.87341356478459,20.5892266460503
11491200,10.6413074545735,1.03907954346732,0.164624827420936,1.63019575955378,0.0525293916114301,0.986487430892552,0,1.19553729285462,9.84978633124348,20.8049613592435
11577600,10.6657336004254,1.04174722217027,0.165066091804679,1.63024926063195,0.0534710216643631,0.987757506851957,0,1.19941496132431,9.8182732556758,21.0296271132529
11664000,10.7232181797162,1.04494053393798,0.165648961134943,1.63038152345388,0.0544215506682396,0.989890869084541,0,1.20384351017786,9.77542099579482,21.2653733058852
11750400,10.8023553953565,1.04850001377909,0.166342235593667,1.63057632847011,0.0553231310942179,0.992670273873634,0,1.20866412370528,9.72338146633323,21.5084270126966
11836800,10.8917394502566,1.05226619670222,0.16711471536279,1.63081745613116,0.0561179154134566,0.995878477502568,0,1.21371798619658,9.66430658202373,21.7550153092432
11923200,10.9799645473271,1.05607961771599,0.167935200624253,1.63108868688757,0.0567480560971139,0.999298236254674,0,1.21884628194178,9.60034825759902,22.0013652710814
12009600,11.0556248894785,1.05978081182902,0.168772491559994,1.63137380118985,0.0571557056163481,1.00271230641328,0,1.2238901952309,9.53365840779179,22.2437039737673
12096000,11.1074802952306,1.06321201755971,0.169595701163316,1.63165761665303,0.057283989961637,1.0059061477809,0,1.22869260872933,9.46635114255465,22.4783342042732
12182400,11.147163111105,1.06646419315873,0.170421256147074,1.63204535594194,0.0572144854169779,1.00904677958057,0,1.23334401328313,9.39539521663652,22.7112673712212
12268800,11.1861112838716,1.06967090919396,0.171278852181067,1.63256531388321,0.0570408928633065,1.01232519318786,0,1.23797618362558,9.31805481397825,22.9459472136271
12355200,11.2222950970566,1.07283636883517,0.172175547340976,1.63314589901979,0.0567804718783547,1.01571810671676,0,1.242591670615,9.23471990588519,23.1791517469787
12441600,11.2536848341859,1.07596477525215,0.173118399702481,1.63371551989462,0.0564504820398545,1.01920223828128,0,1.24719302510975,9.1457804636627,23.407658986764
12528000,11.2782507787855,1.07906033161468,0.174114467341262,1.63420258505065,0.0560681829255378,1.02275430599542,0,1.25178279796816,9.05162645861613,23.6282469484709
12614400,11.2939632143816,1.08212724109255,0.175170808333,1.63453550303083,0.0556508341131366,1.0263510279732,0,1.25636354004856,8.95264786205085,23.8376936475872
12700800,11.2988328869616,1.08517098191488,0.176295587901719,1.63463271323633,0.0552140424264464,1.02997152139758,0,1.26094001189945,8.84914811292768,24.0328215568697
12787200,11.2960412632097,1.08832082644571,0.17760559007203,1.63336723102231,0.0545959854363376,1.0338408421558,0,1.26573315880279,8.73254625156319,24.2163707721277
12873600,11.2888955986703,1.09158140042209,0.17911306929506,1.63033191265507,0.0537406729840318,1.03799228049522,0,1.27075332751173,8.60113345131895,24.3919962708337
12960000,11.2777979722476,1.09483964090106,0.180728842157461,1.62598799990038,0.052733336402258,1.04224638259698,0,1.27580800982439,8.46086529731374,24.5603188897054
13046400,11.2631504628463,1.09798248493963,0.182363725245883,1.62079673452403,0.0516592070237457,1.0464236946422,0,1.2807046975389,8.31769737466632,24.7219594654606
13132800,11.2453551493706,1.10089686959483,0.183928535146975,1.61521935829182,0.050603516181224,1.05034476281203,0,1.28525088245336,8.17758526849547,24.8775388348171
13219200,11.224814110725,1.10346973192368,0.18533408844739,1.60971711296953,0.0496514952074222,1.05383013328762,0,1.2892540563659,8.04648456391995,25.0276778344925
13305600,11.2016846321463,1.10559178029691,0.18649216404137,1.60474773916934,0.0488873686170517,1.0567057441471,0,1.29252776463763,7.9302955822873,25.1729714847577
13392000,11.1523080312654,1.10755333349896,0.187442817760535,1.60026044027275,0.0482670713652812,1.05937266709974,0,1.29553133792341,7.8273154398635,25.3115444689566
13478400,11.0685036145524,1.10951270268163,0.188278070631082,1.59587918904733,0.0477114434300361,1.06205562847091,0,1.29852636287384,7.73208719358259,25.4432884008823
13564800,10.9611158625915,1.11135651181371,0.189037850452494,1.59139009298735,0.0471997052585841,1.06459341212791,0,1.30134117140506,7.6419906564732,25.570128406911
13651200,10.8409892559664,1.11297138486399,0.18976208502425,1.58657925958711,0.0467110772981928,1.06682480193804,0,1.30380409543321,7.55440564156394,25.6939896134189
13737600,10.7189682752614,1.11424394580128,0.190490702145833,1.5812327963409,0.0462247799961299,1.06858858176863,0,1.30574346687443,7.46671196188342,25.8167971467823
13824000,10.6058974010603,1.11506081859437,0.191263629616722,1.57513681074301,0.045720033799663,1.06972353548696,0,1.30698761764485,7.37628943046025,25.9404761333772
13910400,10.5123534747531,1.11530495948102,0.192120022967714,1.56806301190996,0.0451765464269643,1.07006818197706,0,1.30736609221528,7.28052871726229,26.066909011877
13996800,10.4221417297677,1.1145693548011,0.193019086879263,1.55858829959731,0.0446229156890822,1.06950160922559,0,1.30688953487046,7.1787950147037,26.1936420271647
14083200,10.3257929799906,1.11278723644535,0.193930717609113,1.54644309812565,0.0440759752619562,1.06812592292125,0,1.30573104226361,7.07304670850682,26.3190806081384
14169600,10.2308522129669,1.11017440249278,0.19487216999343,1.53243082003925,0.0435216780886692,1.0661031610608,0,1.30402504717917,6.96512275067257,26.4443013737374
14256000,10.1448644162419,1.10694665102238,0.195860698868377,1.51735487788236,0.042945977112304,1.06359536164098,0,1.30190598240158,6.8568620932019,26.570380942901
14342400,10.0753745773607,1.10331978011314,0.196913559070118,1.50201868419926,0.0423348252759438,1.06076456265854,0,1.29950828071526,6.75010368809573,26.6983959345686
14428800,10.0299276838686,1.09950958784408,0.198048005434819,1.4872256515342,0.0416741755226715,1.05777280211023,0,1.29696637490465,6.64668648735499,26.8294229676794
14515200,10.0159935793022,1.09571939838718,0.199284377838379,1.47374496857584,0.0409496266107088,1.05477069413522,0,1.29440613671588,6.54832889617776,26.9646548661416
14601600,10.0313762758466,1.09108106702718,0.200875853583877,1.4593926215166,0.0401230249326438,1.05094226855236,0,1.2912190665744,6.44673476011458,27.1137376764659
14688000,10.066995039751,1.08528735907177,0.202834102868985,1.44348043684305,0.0391934653719581,1.04603219627737,0,1.28718480525083,6.34011531523378,27.2762069381272
14774400,10.1163924059997,1.07880234095021,0.204959778131594,1.42742791615745,0.0381861460422194,1.04050077563678,0,1.28261297621297,6.23434981166304,27.4434499371452
14860800,10.173110909577,1.07209007909173,0.207053531809596,1.41265456106202,0.0371262650569956,1.03480830495712,0,1.27781320292862,6.13531749953008,27.6068539595397
14947200,10.2306930854669,1.06561463992559,0.208916016340884,1.400579873159,0.0360390205298542,1.02941508256492,0,1.27309510886557,6.04889762896257,27.7578062913302
15033600,10.2826814686539,1.05984008988103,0.210347884163348,1.39262335405062,0.034949610574363,1.02478140678672,0,1.26876831749161,5.98096945008821,27.8876942185365
15120000,10.3227793616537,1.0552165457627,0.211155372903137,1.39019150011352,0.0338818427826867,1.02135502900523,0,1.26513299278316,5.93724030138169,27.988152929731
15206400,10.3588867546358,1.05099022771333,0.211649788378763,1.39312694710505,0.0327503987438451,1.01847213818063,0,1.26168100262184,5.90765312426541,28.0729113408675
15292800,10.3965172130149,1.04670289596918,0.212097106035083,1.40014967041438,0.0315338796571298,1.01564378072725,0,1.25813024140322,5.88285430198141,28.152659929604
15379200,10.4329903518634,1.042624551611,0.212485968050609,1.41038580223997,0.0302902019066842,1.01301826995978,0,1.25469743421174,5.86189154182152,28.2255792894634
15465600,10.4656257862539,1.03902519571958,0.212805016603853,1.42296147478033,0.0290772818766519,1.01074391919293,0,1.25159930613184,5.84381255107759,28.2898500139687
15552000,10.4917431312589,1.03617482937568,0.213042893873328,1.43700282023393,0.0279530359511766,1.00896904174141,0,1.24905258224795,5.82766503704145,28.3436526966428
15638400,10.5086620019508,1.03434345366009,0.213188242037545,1.45163597079925,0.0269753805144018,1.00784195091991,0,1.2472739876445,5.81249670700495,28.3851679310086
15724800,10.513545587388,1.03379232204829,0.213226424547927,1.4660452364419,0.0261999829428819,1.0075101597928,0,1.24647215278103,5.79734818580047,28.4126671334735
15811200,10.4936343762997,1.03402292566372,0.212919383778337,1.48369705784342,0.0255039439158353,1.00797734874727,0,1.24617440752072,5.78115296538765,28.4319932980353
15897600,10.4476254521713,1.03453447768867,0.212220742377661,1.50565389577041,0.024816402600527,1.00901372215902,0,1.24597422670101,5.76443699568641,28.4480190550949
15984000,10.3832739767158,1.03520858596093,0.211264626687817,1.52996790201883,0.0241749730392371,1.01037942467987,0,1.24583211435599,5.74834367723565,28.4614548484615
16070400,10.3083351116458,1.03592685831833,0.210185163050725,1.55469122838464,0.0236172692742453,1.01183460096168,0,1.24570857451973,5.73401641057426,28.4730111219444
16156800,10.2305640186744,1.0365709025987,0.209116477808306,1.57787602666383,0.0231809053478316,1.01313939565627,0,1.24556411122629,5.72259859624114,28.483398319353
16243200,10.1577158595141,1.03702232663983,0.208192697302478,1.59757444865236,0.0229034953022758,1.0140539534155,0,1.24535922850976,5.7152336347752,28.4933268844966
16329600,10.0973099463391,1.03716150484888,0.207545429724446,1.61190143546208,0.0228208705900808,1.01434063688383,0,1.24505205781809,5.71303160511079,28.5034993097841
16416000,10.0390737515229,1.03682571060364,0.207090189942407,1.62379840347722,0.022831388367128,1.01399449316521,0,1.244451778683,5.71439782876427,28.5138496203412
16502400,9.97695690950736,1.0360296227322,0.206706308473746,1.63536205508165,0.0228559859885829,1.01317414079498,0,1.24350343241393,5.71773995229858,28.5239297508095
16588800,9.91514031429107,1.03487110954515,0.206366824696616,1.64601864515915,0.0228911470813485,1.01198082737873,0,1.24227283070255,5.7227975770688,28.5335363509281
16675200,9.85780485987273,1.03344803935312,0.206044777989172,1.65519442859351,0.0229333552723278,1.01051580052203,0,1.24082578524053,5.72931030443003,28.5424660704357
16761600,9.80913144025103,1.03185828046671,0.205713207729568,1.66231566026852,0.022979094188424,1.00888030783047,0,1.23922810771954,5.73701773573734,28.5505155590714
16848000,9.77330094942466,1.03019970119652,0.205345153295957,1.66680859506795,0.02302484745654,1.00717559690963,0,1.23754560983124,5.74565947234581,28.557481466574
16934400,9.75431595194488,1.02856523529552,0.20491319016454,1.66795670090656,0.023067188201877,1.00549790336519,0,1.2358399711607,5.75501373564586,28.5631754586089
17020800,9.74329152431827,1.02671273939535,0.204373931034019,1.65674882954289,0.0231093954706654,1.00360248746104,0,1.23389848675833,5.76752010316417,28.5684078868234
17107200,9.73348900732412,1.02452581700816,0.203743693876265,1.6321305822882,0.0231544048222675,1.00137035884159,0,1.23163286490525,5.78475386125066,28.5735418663316
17193600,9.7250995779048,1.02209237707968,0.203067059542978,1.59977602782963,0.0232018126879833,0.998889666170623,0,1.22912951057342,5.80671397970142,28.5783065930582
17280000,9.71831441300268,1.01950032855564,0.202388608885857,1.56535923485438,0.023251215499113,0.99624855811195,0,1.22647482873482,5.83339942831257,28.5824312629279
17366400,9.71332468956011,1.01683758038175,0.201752922756601,1.5345542720496,0.0233022096869568,0.99353518332937,0,1.22375522436143,5.86480917688021,28.5856450718654
17452800,9.71032158451947,1.01419204150376,0.20120458200691,1.51303520810248,0.0233543916828147,0.990837690486682,0,1.22105710242522,5.90094219520045,28.5876772157953
17539200,9.70981069378561,1.01164237433495,0.200786358424589,1.50628284268241,0.0234073006428656,0.988234799400454,0,1.21845763702307,5.9420711137876,28.587967014399
17625600,9.72993718211502,1.00873460591656,0.200421230615354,1.50633796595178,0.0234576246143935,0.985262737650832,0,1.21550293174294,6.00463182190237,28.5690525438955
17712000,9.77393084548094,1.00541099605442,0.200062108064349,1.50647827345194,0.0235058745796552,0.98186374833925,0,1.21213667648402,6.09455286373808,28.5252729176948
17798400,9.83167272197729,1.00199843287691,0.199728244771842,1.50670232275594,0.0235552001396204,0.978372655387262,0,1.20868691707473,6.2066075651224,28.4629090612997
17884800,9.893043849698,0.998823804512441,0.199438894738098,1.50700867143689,0.023608750895259,0.975124282716421,0,1.20548169934348,6.33556925188302,28.3882419002131
17971200,9.94792526673699,0.9962139990894,0.199213311963385,1.50739587706786,0.0236696764475409,0.972453454248281,0,1.20284906911868,6.4762112498476,28.3075523599377
18057600,9.98619801118818,0.994495904736187,0.19907075044797,1.50786249722194,0.0237411263974359,0.970694993904396,0,1.20111707222875,6.62330688484384,28.2271213659763
18144000,9.99750165139779,0.993988998710716,0.199031585676073,1.50850835998835,0.0238267393036244,0.970174775330797,0,1.20060667509622,6.77213533440233,28.1530169513799
18230400,9.9621905096854,0.994466124975654,0.199164092005689,1.51486926479151,0.0239552161413483,0.970584493247815,0,1.2011059225545,6.94625948006597,28.0777533544818
18316800,9.88185966471276,0.995560176384908,0.199452341376416,1.52823863865445,0.0241311925365018,0.971525508889223,0,1.20223667418588,7.15147315079165,27.9963288506798
18403200,9.76949696341312,0.997107040283378,0.199830169035982,1.545996029051,0.0243397435346654,0.972858918418063,0,1.20380868661565,7.3746538913445,27.9107778304087
18489600,9.63809025271972,0.998942604015967,0.200231410232115,1.56552098345496,0.0245659441814199,0.974445817997375,0,1.20563171646909,7.60267924648973,27.8231346841033
18576000,9.50062737956583,1.00090275492757,0.200589900212544,1.58419304934016,0.0247948695223458,0.976147303790197,0,1.20751552037149,7.82242676099248,27.7354338021984
18662400,9.37009619088469,1.0028233803631,0.200839474224995,1.59939177418039,0.0250115946030236,0.977824471959571,0,1.20926985494814,8.02077397961792,27.6497095751288
18748800,9.25904076544512,1.00454979632921,0.200915897214802,1.608582357918,0.0252020518355452,0.97934650208114,0,1.21071167752123,8.18495283632836,27.5680123054979
18835200,9.15328299264944,1.00644555001789,0.200880957671535,1.61458880541695,0.0253993079241937,0.981026462265095,0,1.21208291750586,8.32537156525344,27.4922194591969
18921600,9.04338020319814,1.00862503991244,0.200805312759938,1.61992422647955,0.0256138055603421,0.982962610445053,0,1.21352278829545,8.45416328127102,27.420646929385
19008000,8.93339531990127,1.01088849112511,0.200706290726843,1.62460552478217,0.0258274248256118,0.984983634759407,0,1.21494661541636,8.5736848582601,27.3505047209605
19094400,8.82739126556886,1.01303612876816,0.200601219819084,1.62864960400118,0.0260220458016245,0.986918223346554,0,1.21626972439493,8.68629317009967,27.2790028388214
19180800,8.72943096301097,1.01486817795383,0.200507428283494,1.63207336781293,0.0261795485700017,0.988595064344887,0,1.21740744075751,8.79434509066873,27.203351287866
19267200,8.64357733503762,1.01618486379438,0.200442244366905,1.63489371989379,0.0262818132123648,0.989842845892801,0,1.21827509003046,8.90019749384628,27.1207600729925
19353600,8.57378105974823,1.01679654729637,0.200424173895925,1.63712755162887,0.0263114701205195,0.990498104074607,1.78368254744483e-06,1.21879224443085,9.00614944818335,27.0283943693042
19440000,8.51665635817104,1.01709004352697,0.200520854552653,1.63882384378304,0.026295476762655,0.990851608767229,9.41064816457405e-05,1.21912310145318,9.11092846340023,26.9223261774399
19526400,8.46714737982242,1.01734727790809,0.20073472005005,1.64012914635203,0.0262579446345008,0.991136397700488,0.000304260713059227,1.21939714053029,9.2130161664266,26.8034196338196
19612800,8.42284843641368,1.01756449077992,0.201025398721622,1.64120802672224,0.0262027293366139,0.991368568702128,0.000601465855853785,1.21962581956802,9.31237038426315,26.6745873403322
19699200,8.38135383965609,1.01773792248262,0.201352518900878,1.64222505228008,0.0261336864695516,0.991564219599895,0.000954941389095292,1.21982059647221,9.40894894391058,26.5387418988668
19785600,8.34025790126097,1.01786381335637,0.201675708921328,1.64334479041198,0.0260546716338709,0.991739448221534,0.00133390679184963,1.21999292914872,9.5027096723696,26.3987959113123
19872000,8.2971549329396,1.01793840374134,0.201954597116479,1.64473180850433,0.0259695404301292,0.991910352394793,0.00170758154318268,1.2201542755034,9.59361039664089,26.2576619795576
19958400,8.24969906580372,1.01795861119815,0.202150132205531,1.64654884100217,0.0258815172730042,0.992092089224484,0.00204628805869321,1.22031537460465,9.6815726083267,26.1181495904973
20044800,8.19913471849295,1.01795609367088,0.202298180098474,1.64884129028226,0.0257642787395859,0.992253498407479,0.00238079693998729,1.22045234893145,9.76506989314711,25.9773862731265
20131200,8.14719895987525,1.0179506940885,0.202432726506799,1.6516179019069,0.0256108509334906,0.992385546012782,0.00273403172205958,1.22056051404207,9.84443504215788,25.8331431371249
20217600,8.09426059932221,1.01794364436513,0.202555267117501,1.65492547770795,0.0254331019594874,0.992506075901461,0.0031006503310289,1.22065613382208,9.92121925851496,25.6858177226403
20304000,8.04068844620545,1.01793617641492,0.202667297617578,1.65881081951729,0.0252428999223457,0.992632931934585,0.00347531069301402,1.22075547215707,9.99697374537431,25.5358075698205
20390400,7.98685130989659,1.01792952215202,0.202770313694023,1.6633207291668,0.0250521129268346,0.992783957973223,0.00385267073413372,1.22087479293261,10.0732497058919,25.3835102188133
20476800,7.93311799976722,1.01792491349055,0.202865811033833,1.66850200848834,0.0248726090777233,0.992976997878443,0.00422738838050679,1.22103036003429,10.1515983432236,25.2293232097664
20563200,7.87984723221035,1.01792784744848,0.202955477445742,1.67446221937545,0.0247154351111486,0.993232063298403,0.00459563591952509,1.22124071551257,10.2334413167661,25.0736826628871
20649600,7.82682873671489,1.01813622859329,0.203048224104282,1.68386748738644,0.024553604777986,0.993663813131886,0.00501587094342943,1.22162437135247,10.3143830353014,24.9183439056526
20736000,7.77379247897571,1.01863302028999,0.203143571269363,1.69721401495786,0.0243794087000082,0.994319304079867,0.00548813928639442,1.22223026474012,10.393597033265,24.7627932016665
20822400,7.72068570361449,1.01938447760667,0.20323503403226,1.71324085756844,0.0242071055725949,0.995184644367265,0.00596792366607716,1.22304354195192,10.4738154717733,24.6052428684179
20908800,7.66745565525292,1.02035685561139,0.203316127484247,1.73068707069689,0.0240509540911258,0.996245942218998,0.00641070680013465,1.22404934926424,10.5577705119423,24.4439052233961
20995200,7.61404957851269,1.02151640937223,0.203380366716598,1.74829170982194,0.0239252129509804,0.997489305859981,0.00677197140622402,1.22523283295345,10.6481943148883,24.2769925840903
21081600,7.56041471801548,1.02282939395726,0.203421266820588,1.7647938304223,0.0238441408475384,0.998900843515135,0.00700720020200228,1.22657913929593,10.7478190417273,24.1027172679896
21168000,7.50660132017094,1.02428362961836,0.203431570431374,1.77901729743557,0.0238249200881694,1.00048243985417,0.00707424845983527,1.22809001063769,10.8602467787,23.9192321025285
21254400,7.4565344114374,1.02676246851016,0.203377055585455,1.79355328573749,0.0239975568584096,1.00288722630536,0.00704853515896142,1.23045241139472,11.0210307138904,23.7230917322529
21340800,7.40994486497296,1.03051491487755,0.203261011020688,1.80920819604246,0.024381229557921,1.00629299088194,0.00699075804360827,1.23385367644579,11.2280619793454,23.5151235733609
21427200,7.36366677681061,1.03522630216414,0.203109513604233,1.82469638050266,0.0249143379764601,1.01046317664954,0.00690927396017489,1.23804534135498,11.4543729603083,23.2981531401892
21513600,7.31453424298336,1.04058196381354,0.202948640203246,1.83873219127027,0.0255352819037837,1.0151612266738,0.00681243975506033,1.24277894168634,11.6729960420224,23.0750059470741
21600000,7.25938135952422,1.04626723326934,0.202804467684887,1.85002998049748,0.0261824611296485,1.02015058402036,0.00670861227466364,1.24780601300393,11.8569636097309,22.8485075083521
21686400,7.19504222246618,1.05196744397514,0.202703072916312,1.85730410033647,0.0267942754438109,1.02519469175485,0.00660614836538387,1.25287809087181,11.9793080486771,22.6214833383598
21772800,7.11788043834606,1.057379791511,0.202669175854825,1.85928906464093,0.0273113054461068,1.03006630948953,0.00651304201292589,1.2577562566222,12.0144881944598,22.3966272323305
21859200,7.00763558424756,1.06277491146854,0.20266425364522,1.85606743318656,0.0277803760816749,1.03498549181423,0.0064204189774663,1.26266230974177,12.0038479723875,22.1706252435707
21945600,6.86281719782462,1.06839251777114,0.202660065183776,1.8487394883487,0.0282449765105242,1.04013916166917,0.00632228058218054,1.26779103404579,11.9790724407754,21.9415382006899
22032000,6.69437518479266,1.07423553901206,0.202656627325768,1.8381890495527,0.0287054720012117,1.04552673309307,0.00622020671218188,1.27314629553158,11.9423403176431,21.7102354753215
22118400,6.51325945086706,1.08030690378457,0.202653956926468,1.82529993622395,0.0291622278222948,1.05114762012464,0.00611577725258358,1.27873196019644,11.8958303210103,21.4775864390988
22204800,6.33041990176322,1.08660954068191,0.202652070841152,1.81095596778782,0.0296156092423305,1.05700123680259,0.00601057208849891,1.2845518940377,11.8417211688964,21.2444604636551
22291200,6.15680644319655,1.09314637829737,0.202650985925094,1.79604096366966,0.0300659815298761,1.06308699716562,0.00590617110504115,1.29060996305266,11.7821915793212,21.0117269206239
22377600,6.00292297341643,1.09992494479204,0.202651469894997,1.78136319162623,0.0305155624483163,1.06940836449465,0.00580409483428228,1.29691715781621,11.7187712932726,20.78016728835
22464000,5.85902673387682,1.10711345100874,0.202681131446422,1.76466811538448,0.0310287177709765,1.07611332988719,0.00570311869040051,1.30373064982086,11.6284240495161,20.5471948013856
22550400,5.71739390052175,1.11472260332079,0.202743600569799,1.74508541816285,0.0315990839238129,1.08321994696133,0.00560214254651873,1.31105593964555,11.5049551701521,20.312386624868
22636800,5.57875384303943,1.12265243365831,0.202824738072615,1.72335589522059,0.0321744687991096,1.09065033627529,0.00550116640263696,1.31872577275576,11.3568604158605,20.0772893905842
22723200,5.44383593111802,1.13080297395142,0.202910404762356,1.70022034181695,0.0327026802891509,1.09832661838731,0.00540019025875518,1.326572894617,11.1926355473211,19.8434497303211
22809600,5.31336953444574,1.13907425613023,0.202986461446507,1.67641955321117,0.0331315262862208,1.1061709138556,0.00529921411487341,1.33443005069475,11.020776325214,19.6124142758659
22896000,5.18808402271076,1.14736631212487,0.203038768932554,1.6526943246625,0.0334088146826036,1.11410534323839,0.00519823797099163,1.3421299864545,10.8497785102189,19.3857296590056
22982400,5.0686966098634,1.15559816401465,0.203041103652444,1.62964984377174,0.0334863245697118,1.12207164050802,0.00509714833915008,1.34952394056625,10.6869305284114,19.1649452439036
23068800,4.95507742314197,1.16434415396036,0.202561433672498,1.60319901764693,0.0334801779623281,1.13067746184162,0.00499220404340877,1.35713474747259,10.4967987935988,18.9509208758153
23155200,4.84624804852591,1.1736235725302,0.201552477082048,1.57318266662416,0.0334672902376983,1.13992649230673,0.00488379346748014,1.36503881323639,10.2762573829035,18.7422299170825
23241600,4.74129187279772,1.18303931196324,0.200237291530379,1.54240902128545,0.0334505726498266,1.14938713062375,0.004774931635389,1.37292304565743,10.0481467336613,18.5370105319287
23328000,4.63929228273989,1.19219426449858,0.198838934666778,1.51368631221281,0.0334329364527175,1.15862777551308,0.00466863357116016,1.38047435253555,9.83530728320834,18.3334008845773
23414400,4.53933266513493,1.20069132237529,0.197580464140529,1.48982276998827,0.0334172929003751,1.1672168256951,0.00456791429881844,1.38737964167054,9.6605794688804,18.1295391392517
23500800,4.44049640676531,1.20813337783245,0.196684937600919,1.47362662519385,0.0334065532468039,1.17472267989023,0.00447578884238863,1.39332582086221,9.54680372801343,17.9235634601752
23587200,4.3418289899729,1.21415146917546,0.196361964138643,1.46768461240052,0.0334036352253671,1.18074431991098,0.00439529838899791,1.3980179875389,9.51526560453785,17.7136715132997
23673600,4.2416482983843,1.21947007843894,0.196280144926072,1.46587672950291,0.0334107583292274,1.18606586191947,0.00432854057199579,1.40191245969386,9.52437199863671,17.5007643965325
23760000,4.14078338667273,1.22449236646817,0.196209867603044,1.46432742177992,0.0334274176483058,1.19111395055696,0.00427184593354964,1.405382261515,9.54338168557868,17.2861572231596
23846400,4.04108619418185,1.22912159741353,0.196151671568194,1.46304726893382,0.0334525472931024,1.19577064903468,0.00422016034998908,1.40849827720482,9.56800890978207,17.0702922413828
23932800,3.9444086602553,1.23326103542539,0.196106096220157,1.46204685066689,0.033485081374117,1.19991802056386,0.00416842969764372,1.41133139096579,9.5939679156652,16.8536116994035
24019200,3.85260272423677,1.23681394465411,0.196073680957566,1.46133674668142,0.0335239540018497,1.20343812835571,0.00411159985284316,1.4139524870004,9.61697294764636,16.6365578454233
24105600,3.7675203254699,1.23968358925005,0.196054965179057,1.46092753667968,0.0335680992868004,1.20621303562147,0.00404461669191703,1.41643244951112,9.63273825014388,16.419572927644
24192000,3.69087515127778,1.24178844709517,0.196056345609584,1.46085832924846,0.0336184388351743,1.20814146853739,0.00396210815034104,1.41884743448762,9.63717860811495,16.2030742783936
24278400,3.61926079264058,1.243581636188,0.196272149459538,1.46202541247819,0.0337368638363534,1.20971564834628,0.0038507780897425,1.42139823248011,9.63430664217848,15.9865418672044
24364800,3.5508345344765,1.24526458420996,0.196750286641569,1.46445110824143,0.0339278450329143,1.21117404687555,0.00371157408340989,1.42403078094662,9.62772192173635,15.7696970599466
24451200,3.4860622607746,1.2467714233974,0.197427517503078,1.46758960682863,0.0341568503474055,1.2124660256152,0.00355252475092343,1.4265704980756,9.61798401657115,15.5526705543997
24537600,3.42540985552397,1.24803628598664,0.198240602391471,1.47089509853024,0.0343893477023753,1.21354094605525,0.00338165871186337,1.42884280205546,9.60565249646547,15.3355930483437
24624000,3.36934320271369,1.24899330421403,0.19912630165415,1.47382177363673,0.0345908050203721,1.21434816968571,0.00320700458580995,1.43067311107464,9.59128693120188,15.1185952395583
24710400,3.31832818633284,1.24957661031589,0.20002137563852,1.47582382243856,0.0347266902239443,1.21483705799659,0.00303659099234339,1.43188684332157,9.57544689056297,14.9018078258232
24796800,3.2728159938329,1.24971999880432,0.200866941541553,1.47639093874406,0.0347640039466597,1.21495589804369,0.00287807520268606,1.43232723251686,9.55850646987986,14.6853620521101
24883200,3.23240307231869,1.24938586341771,0.20175819592989,1.47631962266142,0.0347305792303985,1.2146522210774,0.00272490914174134,1.43246859031552,9.53493312753309,14.4693400543361
24969600,3.19593159367333,1.24865146516245,0.202741787519219,1.47615115264628,0.0346553345875674,1.21398758752036,0.00257174308079662,1.43258954605167,9.50304954749221,14.2536302612408
25056000,3.16232348919928,1.24761765845734,0.203795922402234,1.47589218382449,0.0345461007577855,1.21305723514383,0.00241857701985189,1.43268932778037,9.46438646211901,14.03808162451
25142400,3.13050069019899,1.2463852977212,0.204898806671632,1.47554937132189,0.0344107084806718,1.21195640171905,0.00226541095890718,1.43276716355666,9.42047460377529,13.8225430958295
25228800,3.0993851279749,1.24505523737284,0.206028646420105,1.47512937026433,0.0342569884958453,1.21078032501728,0.00211224489796245,1.43282228143563,9.37284470482283,13.6068636268848
25315200,3.06789873382946,1.24372833183107,0.207163647740348,1.47463883577765,0.034092771542925,1.20962424280977,0.00195907883701773,1.43285390947231,9.32302749762341,13.3908921693618
25401600,3.03490107416661,1.2424906355528,0.208290094472552,1.4740358292586,0.0339240501857627,1.20857147262065,0.00180576925085432,1.43285782204965,9.27194996664772,13.1744165566753
25488000,2.99813899871886,1.24098539256627,0.209618435471578,1.47191767991074,0.0337019284203828,1.20734270200378,0.00164838516880272,1.43273443285039,9.20362124627712,12.9556864394576
25574400,2.95874794198609,1.23917452559107,0.211137606094897,1.46818112286141,0.0334173868906334,1.20589904931022,0.00148746247128007,1.43248017337561,9.11816338512995,12.7350563613373
25660800,2.91922627505501,1.2372643619424,0.212695400612569,1.46356656377802,0.0330918098705798,1.20439583820797,0.00132613127970103,1.43215203363202,9.02617541554021,12.5140185960063
25747200,2.88207236901231,1.23546122893547,0.214139613294656,1.45881440832797,0.0327465816342872,1.20298839236506,0.00116752171548024,1.43180700362635,8.93825636984189,12.2940654171567
25833600,2.84978459494471,1.23397145388548,0.215318038411217,1.45466506217865,0.032403086455821,1.20183203544949,0.00101476390003237,1.4315020733653,8.86500528036899,12.0766890984805
25920000,2.82486132393891,1.23300136410764,0.216078470232315,1.45185893099747,0.0320827086092466,1.20108209112928,0.000870987954772053,1.43129423285561,8.81702117945551,11.8633819136697
26006400,2.80955863093971,1.23274430139517,0.216281664893743,1.45108329409349,0.0318059453788252,1.20088758344371,0.000738583374920628,1.43124621368954,8.80396157752744,11.6555904025463
26092800,2.79826996117241,1.23294200310472,0.216218945881314,1.45122744915437,0.0315599452044088,1.20115622691249,0.000599474136019009,1.43155181093438,8.80440388303545,11.4528272899248
26179200,2.78794219069651,1.23339171574168,0.216071816881192,1.45154136252297,0.031328914689117,1.20176284399967,0.000452993844276168,1.43219558343557,8.80542848758614,11.2538767158467
26265600,2.77889148496105,1.2340581612882,0.215845849979603,1.45198168307882,0.0311074158259989,1.20265387185764,0.000310321504744854,1.43305830161734,8.80697975439939,11.0579638612144
26352000,2.77143400941508,1.23490606172641,0.215546617262773,1.45250505970147,0.0308900106081037,1.20377574763878,0.00018263612247779,1.43402073590396,8.80900204669511,10.8643139069304
26438400,2.76588592950764,1.23590013903843,0.215179690816929,1.45306814127047,0.0306712610284806,1.20507490849545,8.11167025277077e-05,1.43496365671968,8.81143972769318,10.672152033897
26524800,2.76256341068777,1.23700511520642,0.214750642728298,1.45362757666535,0.0304457290801786,1.20649779158005,1.69422499473383e-05,1.43576783448876,8.8142371606135,10.4807034230169
26611200,2.76184174939484,1.23820814752223,0.214233826598423,1.45414673096798,0.0302082098636165,1.2080130540014,0,1.43632006722579,8.81753121832553,10.2892451956486
26697600,2.7654789506201,1.24009985620403,0.212777041255066,1.45477368930223,0.0299618108474196,1.21019279836917,0,1.43671691153372,8.8263844846301,10.0986931108517
26784000,2.77340443946409,1.24278739148601,0.210235928769152,1.45552265896172,0.0297100644108224,1.21314570466888,0,1.43705209472417,8.84103772414016,9.90948802615064
26870400,2.78457821562951,1.24604357951489,0.206936928885663,1.45630949272032,0.029453896830712,1.21665179130516,0,1.43734975647366,8.85875575941939,9.72139941231464
26956800,2.79796027881903,1.24964124643736,0.203206481349582,1.45705004335193,0.0291942343839758,1.22049107668259,0,1.4376340364587,8.87680341303145,9.53419674011274
27043200,2.81251062873534,1.25335321840017,0.199371025905891,1.45766016363044,0.0289320033475008,1.22444357920579,0,1.43792907435579,8.89244550754002,9.34764948031411
27129600,2.82718926508112,1.25695232155001,0.195757002299575,1.45805570632972,0.0286681299981742,1.22828931727937,0,1.43825900984146,8.90294686550876,9.16152710368785
27216000,2.84102093868319,1.26021977322335,0.192677783747998,1.4577282494204,0.0284034508285059,1.23181625900177,0,1.43864767919671,8.90531962667178,8.97561734160771
27302400,2.855098398268,1.26324611118269,0.189978568244785,1.44561639966557,0.0281362435022758,1.23510784940296,0,1.43910103425176,8.8909696227759,8.79024567518857
27388800,2.87021776364235,1.26619269756192,0.187429935443441,1.42052741504734,0.0278660131194388,1.23832105949245,0,1.43960474990326,8.85897448179414,8.6055337607182
27475200,2.88642999956711,1.26914153571511,0.184931657147286,1.38739912552668,0.0275934265402882,1.24153868917067,0,1.44014458045529,8.8123455573508,8.42137418717039
27561600,2.90378607080312,1.27217462899633,0.182383505159638,1.3511693610646,0.0273191506251175,1.24484353833805,0,1.44070628021193,8.75409420307014,8.23765954351894
27648000,2.92233694211124,1.27537398075966,0.179685251283814,1.31677595162207,0.0270438522342198,1.24831840689503,0,1.44127560347726,8.68723177257646,8.05428241873763
27734400,2.94213357825232,1.27882159435915,0.176736667323134,1.28915672716008,0.0267681982278885,1.25204609474203,0,1.44183830455534,8.61476961949404,7.87113540180026
27820800,2.96348273981613,1.28261296900104,0.173412869366679,1.27286807449134,0.0264916096315198,1.25612363683625,0,1.44237811840688,8.53762311429996,7.68740805787687
27907200,2.99241530424124,1.28711317691782,0.169080301010537,1.26117891242725,0.0261855869088421,1.26093285093386,0,1.44284138543268,8.40711697082379,7.48678284942242
27993600,3.02821572547809,1.2922463580357,0.163868532921957,1.25020779823122,0.025854379294498,1.26639163628195,0,1.44324812777135,8.22281357999353,7.27207340934304
28080000,3.06652072523067,1.2977309618449,0.158276308330052,1.24038989902385,0.0255199850323833,1.27220111686674,0,1.44365034449107,8.01306805773448,7.05621051268768
28166400,3.10296702520299,1.30328543783568,0.152802370463933,1.23216038192576,0.0252044023663939,1.27806241667449,0,1.44410003466006,7.80623551997191,6.85212493450529
28252800,3.13319134709904,1.30862823549826,0.147945462552715,1.22595441405756,0.0249296295404254,1.28367665969142,0,1.44464919734654,7.63067108263111,6.67274744984479
28339200,3.15283041262281,1.31347780432289,0.14420432782551,1.22220716253988,0.0247176647983736,1.28874496990377,0,1.44534983161869,7.51472986163736,6.53100883375514
28425600,3.15540391345627,1.31758963416929,0.142028167896298,1.2214855311258,0.0245886717406649,1.29300715890832,0,1.44633462593078,7.48715366306526,6.43834234079764
28512000,3.08820281980622,1.32166531980177,0.140483783566816,1.2270018453828,0.0245081323755802,1.29719576725337,0,1.44952819638336,7.5701828366681,6.36521428842292
28598400,2.95047241393972,1.32585395593639,0.139073122692877,1.23813484959754,0.0244485842667575,1.30147808034178,0,1.45495272628128,7.73775199545807,6.29737310858709
28684800,2.76970835409247,1.32986525640191,0.13783902142274,1.25241286183381,0.0244012003838823,1.30556428218654,0,1.46156562858859,7.95265845318268,6.23724474128947
28771200,2.57340629850025,1.33340893502706,0.136824315904659,1.26736420015536,0.02435715369664,1.30916455680065,0,1.46832431626934,8.17769952358934,6.18725512652942
28857600,2.38906190539877,1.33619470564059,0.136071842286892,1.28051718262599,0.024307617174716,1.31198908819708,0,1.47418620228756,8.37567252042555,6.14983020430629
28944000,2.24417083302379,1.33793228207126,0.135624436717695,1.28940012730947,0.0242437637877958,1.31374806038884,0,1.4781086996073,8.50937475743875,6.12739591461941
29030400,2.16389865731679,1.33814985217109,0.135564078634369,1.29153016407219,0.0241545162987197,1.31397503150126,0,1.47893999700547,8.54243727547297,6.1228585264492
29116800,2.10958716496005,1.33260533822541,0.136787593298014,1.28529173251247,0.0239851831643993,1.30854129330009,0,1.4736931437265,8.47525932563595,6.1475565514479
29203200,2.05939374217277,1.32146062703285,0.139246910327382,1.2721714055304,0.0237437013121622,1.29761924611233,0,1.46314674325988,8.33808414668063,6.19720064258623
29289600,2.01505133195665,1.30718534979706,0.142397053188721,1.25422899249708,0.0234678382647006,1.28362917953333,0,1.44963784312785,8.15817954641861,6.2607898331784
29376000,1.97829287731339,1.29224913772169,0.145693045348279,1.23352430278359,0.0231953615447066,1.26899138315844,0,1.43550349085263,7.96281333266146,6.32732315653864
29462400,1.95085132124468,1.27912162201038,0.148589910272303,1.21211714576104,0.0229640386748725,1.25612614658302,0,1.42308073395646,7.77925331322074,6.38579964598116
29548800,1.93445960675222,1.2702724338668,0.15054267142704,1.19206733080053,0.0228116371778904,1.24745375940245,0,1.41470661996157,7.63476729590807,6.42521833482018
29635200,1.93121495614784,1.26794905925628,0.151050805114442,1.17530211649573,0.022773198632119,1.24517586062416,0,1.41250503262139,7.55448976006517,6.43418016737195
29721600,1.94987186706175,1.26847232222042,0.150822724176248,1.16006980806041,0.0228069154904622,1.24566540672996,0,1.41292761780382,7.50548595392849,6.39764255293605
29808000,1.98906474988441,1.26957154942548,0.150343590758827,1.14509533220375,0.0228777450551361,1.24669380437035,0,1.41381534951966,7.46540407150955,6.32088737905899
29894400,2.04280417389477,1.27107875768888,0.149686625717679,1.13030349061645,0.0229748631983893,1.24810389449049,0,1.41503256518865,7.43164198400512,6.21564432121527
29980800,2.10510070837176,1.27282596382802,0.148925049908303,1.1156190849892,0.0230874457924705,1.24973851803555,0,1.41644360223055,7.40159756261198,6.09364305487937
30067200,2.16996492259433,1.27464518466031,0.1481320841862,1.10096691701269,0.0232046687096284,1.25144051595069,0,1.41791279806513,7.37266867852691,5.96661325552578
30153600,2.23140738584141,1.27636843700317,0.14738094940687,1.08627178837761,0.0233157078221115,1.25305272918106,0,1.41930449011213,7.34225320294667,5.84628459862897
30240000,2.28385313894048,1.27783936219276,0.146739799506637,1.0714637045346,0.0234104880371268,1.25442887415564,0,1.42049240370853,7.30792907565968,5.74357506035779
30326400,2.33269988689356,1.27920934751566,0.146142647483334,1.05661043457712,0.0234987641128854,1.25571058340277,0,1.42159879865195,7.27204134819272,5.64791379835185
30412800,2.38154663484663,1.28057933283855,0.14554549546003,1.04175716461964,0.023587040188644,1.25699229264991,0,1.42270519359538,7.23615362072576,5.5522525363459
30499200,2.43039338279971,1.28194931816145,0.144948343436727,1.02690389466216,0.0236753162644027,1.25827400189704,0,1.42381158853881,7.2002658932588,5.45659127433995
30585600,2.47924013075279,1.28331930348434,0.144351191413423,1.01205062470468,0.0237635923401613,1.25955571114418,0,1.42491798348223,7.16437816579184,5.360930012334
30672000,2.52808687870587,1.28468928880724,0.14375403939012,0.997197354747204,0.0238518684159199,1.26083742039132,0,1.42602437842566,7.12849043832488,5.26526875032805
30758400,2.57693362665894,1.28605927413013,0.143156887366816,0.982344084789724,0.0239401444916785,1.26211912963845,0,1.42713077336909,7.09260271085792,5.1696074883221
30844800,2.62578037461202,1.28742925945303,0.142559735343512,0.967490814832245,0.0240284205674371,1.26340083888559,0,1.42823716831251,7.05671498339097,5.07394622631615
30931200,2.6746271225651,1.28879924477592,0.141962583320209,0.952637544874766,0.0241166966431957,1.26468254813273,0,1.42934356325594,7.02082725592401,4.9782849643102
31017600,2.72347387051818,1.29016923009882,0.141365431296905,0.937784274917287,0.0242049727189543,1.26596425737986,0,1.43044995819937,6.98493952845705,4.88262370230425
31104000,2.77232061847125,1.29153921542171,0.140768279273602,0.922931004959807,0.024293248794713,1.267245966627,0,1.43155635314279,6.94905180099009,4.7869624402983
31190400,2.82116736642433,1.29290920074461,0.140171127250298,0.908077735002327,0.0243815248704716,1.26852767587413,0,1.43266274808622,6.91316407352313,4.69130117829235
31276800,2.87001411437741,1.2942791860675,0.139573975226995,0.893224465044848,0.0244698009462302,1.26980938512127,0,1.43376914302965,6.87727634605617,4.5956399162864
31363200,2.91886086233049,1.29564917139039,0.138976823203691,0.878371195087369,0.0245580770219888,1.27109109436841,0,1.43487553797307,6.84138861858921,4.49997865428045
31449600,2.96770761028356,1.29701915671329,0.138379671180387,0.863517925129889,0.0246463530977474,1.27237280361554,0,1.4359819329165,6.80550089112226,4.4043173922745
31536000,3.01655435823664,1.29838914203618,0.137782519157084,0.84866465517241,0.024734629173506,1.27365451286268,0,1.43708832785993,6.7696131636553,4.30865613026856
