air,dlwrf,dswrf,evap,lhtfl,prate,pres,rhum,shtfl,shum,tcdc,ulwrf,uswrf,uwnd,vwnd
279.537628173828,293.0234375,94.484375,0.241403371095657,-59.1055908203125,-2.42589771914936e-06,100925.4296875,62.1401672363281,-3.0816650390625,0.00368816452100873,59.5,337,19.453125,3.12423896789551,-0.657224655151367
279.059448242188,242.5546875,124.53125,0.123782940208912,-28.0582885742188,-5.0985045163543e-07,101462.8046875,75.8804931640625,-3.5877685546875,0.00431921053677797,22.875,337,25.28125,0.449420928955078,2.90448379516602
281.260192871094,343.3203125,54.9453125,0.00825510174036026,-0.70489501953125,4.18943418480922e-05,101079.5546875,90.6028594970703,7.40658569335938,0.00604046322405338,88.75,338.5625,11.40625,1.28049850463867,3.19721984863281
283.661804199219,358.796875,50.3125,-0.00888537615537643,3.53262329101562,4.12549343309365e-05,100644.8125,96.2913360595703,3.45294189453125,0.00757130607962608,94,339.9375,10.1953125,0.00787162780761719,0.639125823974609
279.776092529297,306.828125,100.109375,0.336946308612823,-81.8999938964844,1.71992596733617e-05,101204,73.4139404296875,-17.8783264160156,0.00452040368691087,75.5,340.1875,20.203125,3.9627571105957,-5.00593566894531
278.77978515625,261.75,125.7421875,0.171849191188812,-40.3311767578125,-1.72428929090529e-06,101733.453125,71.4183807373047,-9.03671264648438,0.0039700330235064,29.625,337.75,25.6875,1.87085342407227,0.506921768188477
279.080505371094,268.578125,86.65625,0.0996315777301788,-21.4520568847656,4.63786709588021e-05,101758.21875,77.6089553833008,-7.62094116210938,0.00441626086831093,62.375,338.5625,17.28125,-0.350960373878479,0.704261779785156
277.989471435547,237.8828125,130.8984375,0.328519374132156,-88.8415222167969,-4.19346577018587e-07,101779.46875,74.0401382446289,-24.2528076171875,0.00389274954795837,7.5,336.25,26.890625,4.1334171295166,-0.322771072387695
274.841461181641,223.6875,137.3515625,0.381490409374237,-87.3208923339844,3.61691320449609e-07,103683.328125,56.2245254516602,-50.9539794921875,0.00233729719184339,29,334.0625,27.484375,0.448633193969727,-2.64544486999512
278.426513671875,303.3203125,97.890625,0.064653255045414,-10.5855102539062,-1.71251519986981e-06,103657.8671875,87.3306503295898,-3.43106079101562,0.0047525679692626,73.625,334.375,19.3671875,-0.271501541137695,3.50281715393066
282.160949707031,328.7265625,93.15625,-0.112430050969124,31.1975708007812,6.54879841022193e-06,102678.625,97.7792892456055,29.1206359863281,0.00682038394734263,74,335.375,18.9375,0.106594085693359,4.49143218994141
285.359222412109,331.0546875,127.5859375,-0.225550591945648,59.6793212890625,4.98985973536037e-05,101853.5,90.3255844116211,53.1721801757812,0.0077456939034164,51,337.5,25.5859375,2.26060676574707,3.74902725219727
285.227874755859,313.0859375,113.40625,-0.00483432691544294,0.91912841796875,2.26492397814582e-06,102721.7890625,82.1301727294922,1.176513671875,0.00697960332036018,71.375,339.25,22.109375,-0.717639923095703,-0.418607711791992
283.127868652344,326.328125,49.6328125,-0.00997146964073181,2.06878662109375,2.82230685115792e-05,102561.953125,95.967643737793,3.16546630859375,0.00721687776967883,84.125,340.0625,10.6796875,-2.2288818359375,-0.445606231689453
281.921020507812,269.9375,141.9765625,0.00104980915784836,-0.584014892578125,-2.23290271605947e-06,102233.515625,90.3569793701172,2.33102416992188,0.00616915803402662,38.125,340.5625,28.3046875,0.0196571350097656,-1.29488563537598
281.772094726562,277.671875,138.6640625,0.156510308384895,-46.9828491210938,2.689353095775e-08,101776.875,80.1686325073242,15.2897033691406,0.00546708377078176,70.25,341.25,26.75,1.94787406921387,-0.356367111206055
276.016693115234,217.4453125,151.3671875,0.715341091156006,-171.510437011719,2.63760512098088e-07,103394.46875,56.4912872314453,-97.3052368164062,0.00258315564133227,12.375,338.3125,29.6484375,2.84718322753906,-6.45050239562988
273.909118652344,280.53125,51.859375,0.388708829879761,-81.0329895019531,3.05392313748598e-05,103395.390625,62.6704139709473,-56.0614013671875,0.00251504639163613,77.125,336.6875,10.0859375,-0.778091430664062,1.605712890625
279.268280029297,302.2421875,97.0390625,0.167382508516312,-47.5330505371094,4.76737341159605e-07,101136.1796875,84.6636123657227,-12.7797241210938,0.00493405060842633,73,336.375,18.5234375,3.06321144104004,0.676424026489258
273.259246826172,243.5234375,128.5078125,0.655517101287842,-147.810089111328,-1.11506119537808e-06,102309.8359375,63.0160598754883,-113.658294677734,0.00236030388623476,36.25,334.875,24.75,2.80742645263672,-5.83056449890137
272.413146972656,203.2265625,156.03125,0.518284201622009,-117.631896972656,1.88527235422953e-06,103121.875,63.491569519043,-97.6457824707031,0.0022102480288595,1.5,332.875,30.09375,0.315149545669556,-5.21116638183594
273.610107421875,215.0546875,155.0390625,0.282473742961884,-61.2839965820312,9.70209839579184e-07,103183.734375,70.6575698852539,-46.3958129882812,0.00267436169087887,3.875,331.375,29.9296875,-0.505796670913696,-3.48033714294434
275.813659667969,242.859375,135.59375,0.101697973906994,-22.0762329101562,-2.08465507967048e-06,102926.0234375,79.2397308349609,-14.4640197753906,0.00354007165879011,61.125,330.1875,25.0390625,-0.921136856079102,-0.25360107421875
277.652252197266,300.359375,71.015625,0.0267982892692089,-4.627197265625,1.2212930187161e-06,102600.34375,90.6128540039062,-0.697235107421875,0.00463608978316188,61.875,329.1875,13.8359375,-1.69999504089355,-1.43009948730469
280.427551269531,328.5703125,57.890625,-0.0579397641122341,17.7437744140625,0.000216475484194234,101428.84375,96.8652648925781,19.374755859375,0.0060644312761724,78.625,329.3125,11.46875,-2.14732360839844,1.15933227539062
279.514862060547,308.9453125,97.8125,0.0257334150373936,-6.8876953125,-1.1266663477727e-06,101279.828125,84.4912719726562,3.35540771484375,0.00497694872319698,76.5,329.8125,18.359375,1.36371231079102,-0.472066879272461
278.669158935547,294.4453125,101.703125,0.0689724832773209,-17.6000671386719,6.53750362289429e-07,101064.671875,77.843132019043,2.95742797851562,0.00433127116411924,62.5,329.9375,19.359375,1.87781715393066,0.369968414306641
278.360412597656,300.953125,110.8671875,0.146774053573608,-35.835205078125,2.63646461462486e-06,101201.578125,71.811408996582,-1.581787109375,0.00390044739469886,74.125,330.6875,20.6015625,2.93268537521362,-2.94012928009033
278.062438964844,299.8671875,112.75,0.176428437232971,-41.4758911132812,1.86337240393186e-06,101819.421875,68.0613784790039,-5.33453369140625,0.0036115855909884,77.125,331.25,20.5703125,1.79267013072968,-2.80869674682617
276.768981933594,247.5,143.3046875,0.175651773810387,-38.7893371582031,-1.96358905668603e-06,102314.5703125,67.09619140625,-14.8232421875,0.00321845756843686,61.5,331.375,25.015625,-0.848113298416138,-1.60486221313477
277.581665039062,294.7265625,109.765625,0.0630251914262772,-12.7330627441406,1.96161527128424e-05,102530.5625,81.436882019043,-6.09463500976562,0.0041338698938489,75.875,330.1875,19.78125,-1.08410143852234,-0.928075790405273
278.581481933594,304.8203125,103.6875,0.00911394134163857,-2.04605102539062,7.50190883991309e-06,101669.0703125,91.3707427978516,-1.79681396484375,0.0050157094374299,70,331.375,18.9453125,0.316919326782227,-1.63676643371582
279.491577148438,303.46875,91.359375,0.0593426488339901,-15.7544250488281,2.17288470594212e-05,100605.5234375,84.394401550293,4.92459106445312,0.00498991366475821,63,333.8125,17.7421875,1.09641265869141,0.748403549194336
280.650817871094,261.4921875,164.2109375,0.0364389568567276,-9.7958984375,6.37436585293472e-07,100759.6640625,77.3479232788086,3.42108154296875,0.00489681633189321,21,333.75,29.7109375,0.706253051757812,1.13261604309082
283.947387695312,325.2265625,79.734375,-0.00108448788523674,0.440673828125,2.69455995294265e-06,101125.5234375,75.8667068481445,3.24697875976562,0.00598670728504658,79.5,334.625,15.34375,0.418521046638489,1.14286804199219
283.576171875,350.2109375,43.875,0.00407585874199867,-2.26498413085938,1.84736454684753e-05,101275.3359375,87.2194366455078,2.95864868164062,0.00679120095446706,93.875,335.3125,8.0859375,-0.471532225608826,-1.21851789951324
280.031372070312,355.328125,58.71875,0.0124953985214233,0.223175048828125,0.000204382871743292,100720.4765625,95.4008865356445,-1.9169921875,0.00591583456844091,95,335.1875,10.671875,-1.16115546226501,-1.87328338623047
283.385833740234,329.9765625,110.640625,0.0249987691640854,-11.0654602050781,6.73152171657421e-05,99211.03125,88.6758117675781,38.3187561035156,0.0070414082147181,70.5,335.375,19.3046875,1.97600555419922,1.13982009887695
277.418273925781,246.671875,167.2578125,0.375318169593811,-81.9942321777344,1.55365410137165e-06,101815.921875,56.0442581176758,-23.7374877929688,0.00283469073474407,28.75,335.625,29.59375,4.53949737548828,-0.584663391113281
278.318664550781,263.9375,181.2578125,0.145068421959877,-30.8115844726562,-1.12427835574636e-06,102984.0625,71.3995819091797,-6.97412109375,0.00379550852812827,35.875,335.0625,31.890625,0.447988510131836,2.41225433349609
278.377502441406,307.484375,54.9609375,0.0519331619143486,-11.8586730957031,6.09834169154055e-05,102570.546875,86.0202560424805,3.85543823242188,0.00462157698348165,88.125,327.875,9.78125,1.26584434509277,4.7762451171875
283.273010253906,359.8984375,39.875,-0.00928778946399689,1.39935302734375,0.000171342020621523,101562.90625,96.8806533813477,1.61651611328125,0.00737749878317118,96.75,328.875,7.3828125,0.467525482177734,0.0981044769287109
279.388671875,294.9453125,126.65625,0.0377079881727695,-10.9671325683594,5.05848311149748e-06,101964.8984375,77.1911163330078,7.25784301757812,0.00450846366584301,69.125,328.75,22.0078125,0.64659309387207,-1.73271942138672
279.904663085938,349.6171875,72.5859375,-0.0052664577960968,4.05059814453125,0.00010823184857145,101018.25,93.1998825073242,6.60183715820312,0.00573871145024896,97.875,329.375,12.9453125,0.630550384521484,0.643405914306641
278.114288330078,277.296875,124.8515625,0.261284351348877,-70.2528076171875,-2.07775633498386e-06,102151.5859375,68.6913375854492,-13.6238403320312,0.00377484248019755,63,329,21.7890625,2.58434677124023,-4.8918342590332
271.741638183594,194.1328125,204.828125,0.40464174747467,-87.8841247558594,5.5270731991186e-07,103571.15625,50.5703125,-64.4273071289062,0.00168197357561439,6.5,327.0625,34.6796875,-1.33403205871582,-1.8179817199707
276.110321044922,261.1953125,146.4765625,0.139715135097504,-28.1883239746094,-2.80952235698351e-07,102563.71875,76.6044158935547,-13.778564453125,0.00353815429843962,91.25,328,24.6953125,0.656682968139648,3.47733879089355
279.460479736328,263.109375,198.9375,0.0195847116410732,-3.76705932617188,9.83255972641928e-07,102203.234375,73.4022216796875,0.454559326171875,0.00419713417068124,43.125,327.0625,33.8359375,-0.777956962585449,-1.50224423408508
279.562438964844,299.3359375,152.9921875,0.0011766292154789,1.6456298828125,-6.6576774315763e-07,102351.25,85.1562728881836,6.57916259765625,0.00495657371357083,54.5,328.25,25.6171875,-0.920981884002686,0.777799606323242
281.199035644531,297.8359375,180.5,0.0656862258911133,-14.8121032714844,1.12308698589914e-05,102234.765625,80.8265914916992,12.88037109375,0.00547158485278487,66.25,329.5625,29.3203125,1.9728547334671,-2.83753252029419
277.482543945312,257.7578125,152.9765625,0.149382367730141,-36.2071838378906,2.40299846154812e-06,103057.3671875,65.2091064453125,-5.57144165039062,0.0032722819596529,61.375,328.375,25.2265625,-0.10352897644043,-2.95809555053711
273.267395019531,226.4140625,218.1953125,0.490308970212936,-113.735656738281,1.50204698456946e-06,103223.09375,56.5064353942871,-76.1210327148438,0.00211904034949839,29.75,325.75,36.3828125,-0.0672481060028076,-5.53199577331543
275.342102050781,212.328125,220.609375,0.163188487291336,-35.2587890625,-1.65092524184729e-06,103017.1015625,61.8962554931641,-11.9127807617188,0.00270353490486741,1.125,323.875,36.5859375,2.33163237571716,0.623794555664062
278.266235351562,217.0703125,223.625,0.0469796694815159,-10.4563598632812,-6.88719410391059e-07,102441.5,63.7471313476562,-1.4205322265625,0.00331129599362612,1.25,323.875,36.8671875,0.159458160400391,1.67519593238831
278.673004150391,257.2109375,190.828125,0.024527732282877,-5.28402709960938,-1.1085772939623e-06,101810.78125,79.5451507568359,8.08529663085938,0.00435602432116866,34.375,325.25,30.828125,-0.371021270751953,2.10094738006592
280.771362304688,341.6953125,40.2890625,-0.00725831091403961,2.37435913085938,5.419821900432e-05,101171.6953125,94.6701049804688,3.58575439453125,0.00611675763502717,87.625,327.0625,7.4296875,-0.345738053321838,1.75623512268066
283.273223876953,328.984375,112.8515625,-0.00653403997421265,1.99017333984375,1.09558322947123e-06,101152.6953125,95.7493133544922,1.93048095703125,0.00730990897864103,81,328.3125,19.40625,-0.888410091400146,-0.936053276062012
278.865447998047,287.0390625,187.875,0.249842271208763,-68.6552429199219,2.51015917456243e-05,100620.65625,74.1207504272461,5.18109130859375,0.00434899469837546,57.375,327.25,30.1875,3.62258887290955,-1.83958435058594
276.824188232422,262.3671875,115.796875,0.251479268074036,-58.9198913574219,-3.81893414669321e-08,101436.734375,56.425350189209,-4.85275268554688,0.00275113061070442,46.75,325.3125,19,3.7900276184082,1.21657943725586
276.107177734375,251.5390625,158.1328125,0.332968592643738,-83.2872619628906,-1.73915012169346e-07,101429.1875,59.4752578735352,-24.3721008300781,0.00278807710856199,42.625,324.875,25.3828125,4.17718505859375,-2.59739303588867
275.060729980469,234.5625,234.9140625,0.280885457992554,-61.1119384765625,-1.16676187644771e-06,102229.0625,54.7880935668945,-19.6435852050781,0.00235703587532043,27.875,324.3125,37.9765625,3.26593589782715,-2.03054618835449
278.203979492188,258.9296875,207.734375,0.0517263114452362,-10.671142578125,1.41004613851692e-06,101858.765625,78.1128997802734,18.960205078125,0.00419836398214102,35,324.5625,33.4140625,0.39787483215332,4.3804726600647
281.651245117188,311.109375,169.328125,-0.0397008769214153,11.5327758789062,2.33499554269656e-06,100786.4375,86.9869842529297,18.1728515625,0.00595238525420427,53.125,325.75,28.0625,0.602331161499023,3.67675971984863
281.764770507812,261.3984375,237.03125,-0.0137114860117435,3.55072021484375,1.18707475849078e-06,100815.671875,75.1655960083008,22.0906677246094,0.00514179654419422,20.375,326.6875,37.6484375,2.38488960266113,0.180910110473633
281.357574462891,256.8671875,225.2734375,0.0283179208636284,-6.31051635742188,8.47665035053069e-07,101770.34375,62.9643211364746,4.4935302734375,0.00404469855129719,51.875,328.1875,34.9296875,0.143535614013672,-0.843534469604492
278.695953369141,295.6953125,56.421875,0.01814054697752,-6.6602783203125,4.32368324254639e-05,101359.3671875,88.8291473388672,7.78125,0.00492685148492455,80,328.25,9.515625,0.118503570556641,-0.75439453125
278.017578125,277.1484375,215.3671875,0.218611836433411,-51.2244567871094,7.45873830965138e-06,102044.0625,72.4989624023438,1.90408325195312,0.00382263911888003,42.375,327.25,33.984375,2.91414070129395,-5.87184524536133
278.154357910156,232.953125,251.078125,0.0881562232971191,-20.5263671875,-2.83951862911636e-07,103289.1640625,71.8923187255859,3.3516845703125,0.00377843622118235,2.625,327.875,39.5625,1.62562251091003,1.00275993347168
280.502746582031,247.4453125,251.9453125,0.0337816588580608,-8.52764892578125,-8.68659640218539e-07,103058.71875,73.9732284545898,6.68557739257812,0.00452685216441751,11.125,327.8125,39.515625,0.717458724975586,3.23307991027832
282.3154296875,320.8515625,86.828125,-0.0654679164290428,16.9060363769531,6.27576355327619e-06,102400,84.4168319702148,25.2160034179688,0.00587982730939984,60.625,330.1875,14.1484375,1.22164082527161,3.90749549865723
282.395599365234,293.265625,206.4765625,-0.0121699944138527,3.12307739257812,-2.33258765547362e-06,101952.8046875,84.0834884643555,4.691162109375,0.00592958135530353,41.75,331.875,32.3515625,0.605802536010742,-0.25010073184967
282.466094970703,293.9375,206.765625,-0.00471368432044983,1.87667846679688,1.53947553371836e-06,101837.9296875,83.0829925537109,3.95266723632812,0.00590488081797957,24.125,331.6875,32.609375,-1.40890038013458,0.156633377075195
282.094940185547,333.171875,222.1484375,-0.0516985952854156,16.478515625,5.2463794418145e-05,101298.6015625,93.6843719482422,23.0963439941406,0.00656269211322069,64.125,332.25,33.8046875,0.494739770889282,0.264317750930786
280.732971191406,259.71875,233.1796875,0.0581651628017426,-13.7175598144531,1.85699195753841e-06,102460.703125,73.2994918823242,8.7977294921875,0.00465104030445218,32.25,332.8125,35.4453125,2.62103843688965,-3.01139378547668
280.084655761719,311.953125,110.90625,0.041900958865881,-9.68222045898438,2.34403287322493e-05,102953.40625,80.9883346557617,3.97906494140625,0.00482990778982639,75.5,334.0625,18.5390625,-0.483396530151367,-2.12334060668945
279.291229248047,267.59375,202.8828125,0.0783016085624695,-17.5118103027344,-9.15973089377076e-07,103265.46875,78.2764892578125,2.40496826171875,0.00444719707593322,32.125,333.5,31.125,-2.49067497253418,-0.368396759033203
280.245147705078,331.859375,97.1953125,0.00152002647519112,-0.0816650390625,2.52301811087818e-06,102434.28125,92.3510055541992,1.720458984375,0.00565188331529498,84,334.125,15.6328125,-0.957350969314575,-0.141094207763672
281.985717773438,267.84375,267.1171875,0.00704781711101532,-1.9678955078125,2.15058889807551e-07,102911.0625,84.3150024414062,5.50924682617188,0.00580756878480315,26.375,334.875,40.4453125,-0.99723482131958,-0.797882080078125
283.743072509766,341.03125,247.25,-0.0178899243474007,7.04629516601562,5.494288780028e-05,102383.53125,92.0260238647461,8.06195068359375,0.0072795283049345,53.125,336.1875,37.078125,-0.839570999145508,1.44675028324127
286.127990722656,346.4609375,209.9140625,-0.0894803255796432,28.2066650390625,6.83468124407227e-06,101805.828125,95.3136596679688,26.1838684082031,0.00877583213150501,53.25,338.3125,32.6875,0.445526242256165,3.44454383850098
283.350646972656,329.2265625,188.3125,0.0150614976882935,-2.7122802734375,8.30789867904969e-05,102114.703125,83.318244934082,13.7259826660156,0.00638387305662036,67.625,339.5625,28.265625,1.09958076477051,-2.369295835495
280.620361328125,304.2421875,223.03125,0.135519132018089,-32.2410583496094,3.28981400343764e-07,103223.34375,72.5848999023438,1.52639770507812,0.00453363079577684,66.375,339.3125,33.140625,-2.03846454620361,-1.54049110412598
279.981018066406,328.578125,65.078125,0.0506146401166916,-8.99032592773438,5.3519328503171e-05,102766.71875,90.1608963012695,-2.12335205078125,0.00541828479617834,82,338.5625,10.328125,-2.88927531242371,-1.59939193725586
281.447723388672,284.546875,275.15625,0.006745720282197,-1.16110229492188,9.75535385805415e-07,102038.09375,85.969108581543,2.171630859375,0.00567254889756441,48.875,338.25,40.6328125,1.44416427612305,-1.24936938285828
281.400146484375,334.09375,51.234375,-0.00354434922337532,1.0474853515625,6.50221918476745e-05,101586.5,89.1451950073242,6.80160522460938,0.00590356672182679,92.5,338.3125,8.890625,-2.10086345672607,-1.19162201881409
280.662780761719,276.6484375,286.5234375,0.0112280286848545,-2.40756225585938,3.67612386753535e-07,101792.359375,90.2610626220703,6.01620483398438,0.00571741815656424,27,338,42.90625,0.0739917755126953,-0.255447387695312
283.192626953125,332.609375,253.8203125,-0.0144028030335903,3.88583374023438,1.02827443697606e-05,101196.1015625,88.3346405029297,6.91116333007812,0.00663673179224133,64.75,338.375,36.9765625,0.179369449615479,0.400879383087158
284.835418701172,354.90625,127.6015625,-0.0261432342231274,6.47354125976562,5.69416588405147e-05,101616.1171875,85.4132232666016,8.49887084960938,0.00709275808185339,92.25,339.6875,19.328125,-1.52072525024414,0.697155237197876
284.048767089844,338.546875,225.7890625,-0.0196129269897938,3.8507080078125,1.14936472073168e-06,101348.5,95.650390625,3.36419677734375,0.00769168278202415,66.125,341.5,34.4296875,-1.0108757019043,-0.633140444755554
287.181579589844,289.796875,288.34375,-0.00354915857315063,1.09054565429688,-4.69288067961315e-07,101262.890625,84.8854904174805,8.96591186523438,0.00858854874968529,23.875,342.1875,42.328125,-0.606325149536133,0.751825332641602
282.390838623047,311.21875,168.4609375,0.0261041447520256,-5.95846557617188,1.66657482623123e-05,101519.8046875,80.9302749633789,7.7694091796875,0.00577233079820871,60.75,341.4375,24.109375,-1.73231220245361,-1.40969169139862
280.024536132812,319,179.40625,0.144991651177406,-33.2828979492188,2.50560315180337e-05,101013.78125,81.7617797851562,-5.86141967773438,0.00499589461833239,80.5,340.5,27.2421875,-2.20952033996582,-3.81884050369263
281.64990234375,270.3515625,297.2421875,0.186296716332436,-45.6949462890625,1.93940149983973e-06,101165.21875,71.7193450927734,17.3118591308594,0.00490819616243243,22.5,340.75,43.71875,3.5884895324707,-3.62760162353516
281.857666015625,263.6875,297.875,0.219402998685837,-52.06103515625,-1.65504275173589e-06,100891.9375,68.5240249633789,13.9378051757812,0.00475969398394227,13.25,341.8125,43.5078125,3.22360038757324,-4.7286319732666
282.157287597656,324.2890625,129.21875,0.0398524440824986,-8.50714111328125,-2.25413344878689e-07,101437.46875,80.4801788330078,5.7799072265625,0.00565938604995608,71,341.3125,19.7734375,-0.169916152954102,-2.85326957702637
282.237365722656,317.6484375,256.625,0.00106086768209934,0.002777099609375,-9.63587012847711e-07,101851.3125,87.8654556274414,2.92105102539062,0.00618317862972617,63,341.6875,37.1015625,0.41942024230957,2.1241397857666
285.854522705078,317.0390625,293.078125,-0.00382635928690434,0.616363525390625,-2.04881814624969e-07,101753.875,78.3386306762695,3.0135498046875,0.00695748068392277,39.875,343.8125,42.8359375,0.328819274902344,-0.30499267578125
285.506072998047,308.25,185.296875,0.000173486769199371,0.3370361328125,1.57272716023726e-05,101497.984375,73.2415542602539,2.47488403320312,0.00637339800596237,33.75,345.6875,28.1953125,-0.0647215843200684,1.58012390136719
286.487609863281,328.78125,279.375,-0.0206400733441114,6.72271728515625,2.05873875529505e-05,100338.03125,87.4589080810547,8.4464054107666,0.00819947849959135,56.75,347.1875,40.0625,1.91607737541199,-0.836891174316406
287.579467773438,313.1015625,272.28125,0.0310100093483925,-13.7850341796875,2.85153400909621e-05,99874.734375,76.9217376708984,30.9061470031738,0.00779208028689027,41,348.8125,38.3359375,2.05749273300171,-0.221950173377991
281.941040039062,243.9140625,318.765625,0.613150477409363,-149.626770019531,-1.64300317351262e-07,100266.265625,56.2270698547363,-12.173885345459,0.00396972056478262,5.125,347.6875,45.84375,6.38828277587891,-3.14834022521973
281.042602539062,260.3984375,302.890625,0.324098646640778,-71.9323120117188,1.31791281887672e-07,101506.015625,60.8178443908691,-9.96321487426758,0.00398309156298637,25.375,348.1875,42.71875,3.29280757904053,-1.84234178066254
283.400146484375,303.2890625,191.484375,0.025155495852232,-3.86053466796875,-1.37090466978407e-06,101898.9140625,78.9550323486328,13.1537475585938,0.00600087456405163,45.5,349.1875,27.5078125,-1.10146260261536,2.62310028076172
286.594909667969,365.671875,178.328125,-0.34583380818367,78.6686096191406,0.000424516212660819,100815.421875,93.7197799682617,74.1549377441406,0.00891934335231781,69.625,349.8125,26.328125,0.277852177619934,6.74960851669312
284.444946289062,277.9765625,295.7109375,0.107319541275501,-21.4346618652344,-6.3025584040588e-07,101671.9921875,70.5740966796875,8.11614990234375,0.00585267739370465,16.5,350.5625,42.7265625,1.53944396972656,-2.59224915504456
280.974822998047,294.1640625,234.9921875,0.318377435207367,-77.2451782226562,4.89966114400886e-05,101734.4765625,69.2019195556641,-25.6644859313965,0.0044666095636785,62.125,351.5625,32.7578125,1.59578156471252,-2.80050039291382
281.383087158203,251.7734375,302.8046875,0.381789922714233,-94.0013122558594,-1.1793756584666e-06,102008.8984375,59.1738700866699,-15.5414142608643,0.00391413876786828,17.625,351.1875,43.0234375,2.38083505630493,0.203395485877991
281.548706054688,273.4921875,250.609375,0.213193595409393,-44.7897033691406,2.3992784008442e-06,102528.375,65.4760131835938,-2.14831352233887,0.00440132850781083,40.875,352.1875,35.5859375,-0.868482351303101,1.25724649429321
283.870300292969,315.0078125,180.78125,0.124071836471558,-31.9594116210938,2.84268335235538e-05,101013.953125,83.3633728027344,8.92562866210938,0.00662163645029068,54.75,353,26.6328125,0.762840867042542,-0.442801833152771
282.718872070312,267.828125,318.4921875,0.141466990113258,-29.4113159179688,6.69531516450661e-07,101466.2265625,74.62255859375,1.1602783203125,0.00546827865764499,25,352.0625,44.046875,0.266417264938354,2.09265899658203
284.860565185547,322.7734375,231.3046875,0.00255461037158966,-0.291717529296875,6.88337822793983e-05,100507.2578125,86.7426528930664,4.23709106445312,0.00735033024102449,76.875,353.5,32.1953125,0.423772811889648,-0.802749037742615
285.171691894531,299.2578125,237,0.0801835358142853,-26.9159545898438,1.6201627204282e-06,100387.9296875,78.1445617675781,29.6264667510986,0.00670979358255863,33.375,352.5,35.0859375,1.95743560791016,2.84655261039734
281.650207519531,239.8046875,349.2578125,0.480935722589493,-111.21337890625,-1.75107504674088e-06,101352.7421875,55.2298622131348,-18.9172668457031,0.00381229259073734,1,351.5625,48.9453125,3.28193283081055,-3.16291069984436
283.378295898438,319.171875,168.1171875,0.0415872782468796,-9.42169189453125,4.9823760491563e-05,101646.078125,74.6664810180664,2.8408203125,0.00570656405761838,73,351.0625,23.7421875,-0.624267578125,0.0581240653991699
284.682495117188,363.40625,98.3359375,-0.0168177895247936,3.76959228515625,0.000112683745101094,100659.421875,95.8912658691406,4.87148284912109,0.00806393753737211,90.625,354.75,14.4140625,-0.678083419799805,-1.02623617649078
284.393188476562,322.4375,293.0234375,0.00516238808631897,-1.62258911132812,2.12473969440907e-06,101495.765625,90.6186752319336,3.09442138671875,0.00739334244281054,51,356.0625,40.9453125,-0.992152452468872,-0.462802767753601
284.151153564453,341.375,254.234375,0.0332412719726562,-6.66156005859375,6.89075095579028e-05,101105.703125,91.9686584472656,-3.72549057006836,0.00743724452331662,66.375,359.9375,35.0390625,-1.24635207653046,-1.44053018093109
283.446075439453,322.921875,161.5,0.208088785409927,-54.2116394042969,1.14918921099161e-05,101200.9765625,86.3752136230469,-13.9072895050049,0.00668344274163246,60.5,359.6875,23.9375,1.2445250749588,-3.4557318687439
283.693664550781,297.5234375,191.1796875,0.122080087661743,-26.1868286132812,3.59451769327279e-06,102146.546875,76.8752059936523,-1.5274658203125,0.00595278199762106,51,357.8125,27.3359375,0.183258414268494,0.384341359138489
285.613708496094,339.359375,248.34375,-0.00306688621640205,4.08816528320312,-1.88429703484871e-06,101854.609375,87.0475082397461,14.912841796875,0.00769514078274369,69,358.3125,35.484375,-2.05178546905518,1.79113113880157
287.384765625,363.0234375,133.7578125,-0.180575296282768,53.9985961914062,0.000116477967821993,101184.8671875,94.0105743408203,48.6544189453125,0.00938005745410919,91.875,360.4375,20.640625,-2.66778135299683,5.28446960449219
285.554077148438,345,118.296875,0.0194520428776741,-4.98486328125,4.34077555837575e-05,100750.7421875,93.2347640991211,3.4520263671875,0.0082972589880228,72.875,361.75,17.515625,0.892332315444946,-0.89927089214325
285.903442382812,294.4609375,319.703125,0.0889658778905869,-19.5310363769531,3.20609342452371e-06,101605.03125,79.224983215332,4.92477416992188,0.00715341791510582,25,362.375,43.640625,2.11682724952698,-1.5626677274704
289.087768554688,342.1484375,233.9921875,0.0263483226299286,-6.24212646484375,8.32756359159248e-06,101214.921875,77.2944259643555,5.74032783508301,0.0085956109687686,46.125,366.25,34.1328125,0.779294967651367,2.02908825874329
289.574523925781,328.109375,355.3359375,0.0697886869311333,-20.1200866699219,4.03433332394343e-05,100696.828125,83.0548782348633,19.6126613616943,0.0096131032332778,38.25,369.1875,49.5546875,2.19496297836304,-1.58046579360962
285.578460693359,302.4765625,207.6640625,0.257948100566864,-60.9961853027344,2.70892451226246e-06,101454.609375,66.9533767700195,-8.06857299804688,0.00593993533402681,56.125,369.875,29.15625,0.550989031791687,-1.80977463722229
284.004730224609,350.2734375,113.7734375,0.202036038041115,-42.9794311523438,4.20720789406914e-05,100981.2890625,86.2431945800781,-22.3683776855469,0.00687624653801322,90.625,370.5,16.90625,-1.40198910236359,0.393346905708313
284.096801757812,286.171875,368.9453125,0.301442563533783,-67.301025390625,5.83708679187112e-05,101125.03125,74.6961288452148,-15.2294616699219,0.0059938388876617,28.625,368.5,51.09375,2.06746673583984,-2.37958765029907
286.487060546875,302.4609375,229.546875,0.256919622421265,-63.2910766601562,-1.90476441730425e-07,101026.046875,69.3388748168945,9.22665405273438,0.00656333472579718,54.25,369.1875,32.671875,1.7155876159668,3.60415649414062
281.403625488281,279.5546875,298.0703125,0.958406984806061,-232.901092529297,3.14464159600902e-05,101310.4296875,67.6282501220703,-110.764953613281,0.00477148126810789,44.25,368.5,40.6796875,4.98543739318848,-2.95519995689392
282.272796630859,253.734375,344.8671875,0.549996972084045,-118.223541259766,1.05822368823283e-06,102220.421875,57.0101547241211,-31.0334777832031,0.00403488473966718,11.25,366.5,47.890625,2.59195518493652,1.05764210224152
285.731689453125,278.828125,362.2578125,0.353688418865204,-92.8264770507812,3.15106149173516e-07,101443.5234375,70.3965148925781,-4.1383056640625,0.0062591671012342,22.5,368,49.9609375,2.40962028503418,0.846624612808228
283.378662109375,266.2421875,370.265625,0.58941787481308,-129.596313476562,-2.90768889499304e-06,101970.9375,63.3748245239258,-30.2149925231934,0.00481305317953229,10.875,366.6875,51.4453125,4.5835132598877,-3.09944486618042
285.064575195312,266.1015625,372.2421875,0.1826381534338,-42.7715759277344,-3.13310522415122e-07,102495.609375,67.7426071166992,-4.127197265625,0.00574423326179385,1.875,365.875,51.71875,1.02138710021973,0.610727548599243
286.171813964844,304.671875,266.4609375,0.0718613341450691,-15.54248046875,4.48762364158029e-07,102478.9375,84.3455123901367,3.15063667297363,0.00767951318994164,23.875,368,38.859375,-0.329672455787659,2.67419362068176
288.876007080078,337.359375,333.734375,-0.0228572767227888,7.81695556640625,5.82689335715258e-06,101825.03125,89.7635192871094,13.9080772399902,0.00980992801487446,18.875,372.75,46.671875,1.07485556602478,3.13424062728882
291.26708984375,338.3984375,353.234375,-0.0245539434254169,5.6436767578125,7.26052576283109e-07,101576.203125,83.5583724975586,9.99505424499512,0.010550913400948,16.25,376.0625,49.984375,1.02866947650909,0.807121872901917
290.094818115234,358.515625,165.15625,0.0270797982811928,-6.10650634765625,1.78395043803903e-06,102166.0546875,84.6764907836914,6.10214233398438,0.00989141128957272,62,379.9375,24.7578125,-2.20788192749023,0.0844383239746094
288.732574462891,368.8984375,204.03125,0.00859108939766884,-0.0863037109375,-3.60278562538952e-07,101815.7890625,92.1500396728516,6.3381175994873,0.00997624825686216,79.125,379.875,28.9609375,-2.83814573287964,-2.95253610610962
288.930053710938,349.25,305.421875,0.263557374477386,-72.2464904785156,5.98910264670849e-06,101848.234375,79.7913208007812,8.79281616210938,0.00871709175407887,81.75,378.9375,40.90625,-3.82955360412598,-3.44859337806702
286.279174804688,332.8828125,216,0.52105724811554,-122.334106445312,5.1485508265614e-06,102535.3984375,74.9988861083984,-27.3400268554688,0.00686733145266771,80.125,377.625,31.1328125,-5.34592390060425,-2.90485405921936
286.471893310547,347.359375,203.6015625,0.168568447232246,-27.4487915039062,4.80928656543256e-06,102649.34375,86.5747833251953,-9.60595703125,0.00806641113013029,60.5,376.125,29.828125,-4.18996524810791,-1.42518901824951
288.768005371094,387.234375,114.765625,-0.0144395641982555,5.52630615234375,4.77383982797619e-05,102072.75,95.0050201416016,4.57260131835938,0.0102782798931003,93.125,378.125,17.4453125,-2.1803731918335,1.27660346031189
290.722473144531,354.7890625,352.625,-0.00119207799434662,1.22430419921875,5.16432082804386e-05,101569.0078125,91.5282821655273,2.07647705078125,0.0112140150740743,40.125,382.125,49.2890625,0.485197067260742,-0.509117126464844
290.066284179688,371.1015625,205.75,0.0442009940743446,-9.15475463867188,2.25266276743241e-07,102122.203125,87.3486328125,1.18557739257812,0.0102335857227445,67.75,382.8125,30.65625,-1.81416773796082,-1.29343795776367
289.372772216797,349.265625,322.921875,0.0247920528054237,-5.72848510742188,8.12104735814501e-06,102260.5078125,89.0586471557617,-1.8526611328125,0.00998181197792292,29,381.125,46.1953125,-0.686898946762085,-1.03013455867767
291.084411621094,357.890625,289.234375,-0.000766158103942871,0.54534912109375,1.27847067687981e-06,102261.1875,88.9521484375,0.3763427734375,0.0110896807163954,45.125,385.1875,40.34375,-0.727340936660767,0.377393245697021
291.209625244141,369.6640625,232.8046875,-0.00503971427679062,2.17233276367188,1.27398982385785e-06,102242.46875,92.9966888427734,2.49514770507812,0.0117120668292046,65.25,389.625,34.1484375,-1.22944092750549,0.750873565673828
292.377380371094,386.6171875,186.890625,-0.040457509458065,9.92654418945312,8.310288649227e-06,102013.9140625,93.6001281738281,8.8134765625,0.0127121908590198,60.375,393.875,27.7421875,-1.55751538276672,2.9818217754364
293.165496826172,385.0703125,308.8671875,-0.0943733602762222,23.43994140625,-2.32564207180985e-06,101661.8125,95.7699508666992,15.3109741210938,0.0137106440961361,40.625,397.9375,42.6640625,0.00803518295288086,3.9955587387085
293.855377197266,368.2890625,329.15625,-0.0233666822314262,3.89846801757812,8.95580888027325e-06,101386.9921875,89.4120330810547,5.08810424804688,0.013284157961607,43.25,401,46.578125,0.804921507835388,0.435288071632385
292.781768798828,309.4375,383.0703125,0.476925909519196,-115.557739257812,4.66519452402281e-07,101759.8125,61.9820442199707,-5.73159790039062,0.0087127573788166,2.625,401.6875,52.65625,1.19588494300842,-2.83809423446655
290.092895507812,296.6484375,354.5859375,0.570549488067627,-136.997283935547,6.89436956236023e-06,102374.234375,59.6670684814453,-17.9739074707031,0.00696492753922939,22.5,399.875,48.7265625,0.515419840812683,-0.857622385025024
290.594055175781,331.3515625,204.953125,0.299481093883514,-65.8686828613281,-9.52566324485815e-07,101951.140625,74.8427047729492,-8.87603759765625,0.00910322088748217,36.875,398.8125,31.15625,0.753666162490845,2.67054510116577
293.564575195312,367.09375,366.1640625,0.0597955957055092,-13.0200805664062,3.52543702319963e-06,100850.9453125,83.5,10.1864624023438,0.0123626636341214,10.875,399.6875,51.6328125,2.51656603813171,1.82086503505707
298.101043701172,365.21875,357.2421875,3.28421592712402e-05,0.617767333984375,5.49990772924502e-07,101008.4140625,67.9265670776367,4.054931640625,0.0131704611703753,6.5,401.8125,50.4140625,0.641233325004578,0.991283535957336
294.898040771484,389.8515625,344.9609375,-0.0397719517350197,11.7546081542969,7.1496055170428e-05,101265.8984375,91.1861801147461,12.8854370117188,0.0145728327333927,35.25,405.5,48.0234375,0.14249324798584,3.54982757568359
295.083068847656,384.640625,328.3203125,-0.0127805322408676,3.8057861328125,3.30751390720252e-05,101076.9375,92.4912796020508,4.88894653320312,0.0149563774466515,27.875,408.875,45.734375,1.05557990074158,0.287233948707581
296.381500244141,337.453125,380.9453125,0.180468872189522,-43.8300170898438,1.84098269073729e-06,101192.171875,71.2800140380859,5.91796875,0.0124349873512983,5.625,411.125,52.8359375,0.821879506111145,-2.24027585983276
294.272644042969,332.21875,381.0625,0.258092045783997,-61.2987365722656,7.90645208326168e-06,101709.6015625,71.2299194335938,-2.78955078125,0.0108965346589684,12.625,413.875,52.8828125,-0.0118916034698486,-0.874691486358643
295.081024169922,344.9921875,374.109375,0.167528226971626,-38.3457336425781,1.94208155335218e-07,101598.890625,76.8858642578125,0.3251953125,0.0123271513730288,2.75,416.25,52.3984375,0.647198915481567,2.20438289642334
296.460357666016,388.890625,360.6328125,-0.0257823243737221,7.28622436523438,3.604462790463e-06,101428.890625,91.5464324951172,13.4438171386719,0.016060434281826,20.625,418,50.3984375,-0.290731191635132,3.6365065574646
296.631805419922,409.421875,220.5703125,-0.0286562889814377,6.05291748046875,5.20265493832994e-05,101556.625,90.7215118408203,16.2178344726562,0.0160798374563456,60.625,417.125,32.1640625,1.31625390052795,5.70009613037109
296.773742675781,363.9375,383.15625,0.185782611370087,-42.2239379882812,3.04556192531891e-06,101952.1484375,75.8902740478516,2.38812255859375,0.0134127829223871,25.75,420.75,52.859375,0.812446475028992,-0.915359377861023
294.858337402344,328.65625,382.7421875,0.798119485378265,-200.708465576172,9.40005065785954e-06,102030.8984375,62.9406242370605,-24.5670471191406,0.0099621107801795,0,424.75,53.078125,0.487791180610657,-2.85884261131287
293.24169921875,335.34375,378.1171875,0.761958122253418,-175.6025390625,5.09928031533491e-06,102520.4921875,65.3031311035156,-29.2353515625,0.00927533209323883,8.875,422.75,52.578125,-2.0764262676239,-1.81587767601013
292.702270507812,349.640625,263.1171875,0.756660223007202,-167.161712646484,9.18832756724441e-06,102732.6953125,73.669319152832,-29.9948120117188,0.0100825801491737,63.375,419.5,36.625,-3.83154487609863,-2.16673731803894
293.004211425781,386.46875,112.7734375,0.671160876750946,-152.524597167969,4.13890211348189e-06,102688.4765625,74.1829528808594,-24.0375671386719,0.0103775877505541,96,418.0625,16.375,-4.30509901046753,-2.44312167167664
293.257934570312,391.40625,212.9921875,0.387402057647705,-82.8592224121094,6.38684286968783e-05,102258.3359375,85.4106292724609,-19.629524230957,0.0122244823724031,84.25,416.4375,28.65625,-4.41938734054565,-3.14364957809448
294.129486083984,387.1328125,313.0546875,0.0920399725437164,-26.6446533203125,5.0743465180858e-06,101990.1171875,90.0060806274414,-3.05337524414062,0.0136195868253708,50.75,414.1875,42.9921875,-2.6892364025116,1.36780691146851
295.304870605469,381.4453125,310.78125,0.0951757729053497,-25.303955078125,-1.68688657709026e-07,101981.9921875,87.93212890625,1.27169990539551,0.0142814572900534,50.125,417.9375,42.25,-0.169953465461731,2.56427979469299
295.969940185547,385.75,265.453125,0.0626188740134239,-14.1866760253906,2.30048553930828e-05,101834.671875,88.4651107788086,1.4493408203125,0.0149859031662345,45.375,420.625,38.7109375,-0.215648055076599,2.076984167099
296.128021240234,383.7109375,321.1640625,0.0700982064008713,-12.0766906738281,1.40933491366013e-06,101597.21875,87.1471099853516,-1.42037963867188,0.0149275874719024,40.625,423.1875,44.8671875,-0.060937762260437,1.42902362346649
296.918060302734,386.375,336.4609375,0.0896662920713425,-24.0789184570312,1.70104285643902e-05,101496.5390625,89.0471801757812,1.97140502929688,0.0160440020263195,17.25,427.0625,46.9453125,0.184715270996094,2.63550567626953
297.749206542969,393.6875,365.6640625,0.0623044222593307,-13.3454284667969,5.76338425162248e-06,101064.890625,88.2426910400391,6.74566650390625,0.0167598202824593,29,428.3125,50.9765625,0.947695255279541,2.94776439666748
298.046722412109,378.359375,362.796875,0.241996720433235,-56.5986022949219,6.71344025704457e-07,100816.15625,79.6846160888672,5.01486206054688,0.0155092580243945,29.375,429.5,50.3125,2.33416342735291,-0.0822064876556396
297.981353759766,385.171875,337.5,0.16805362701416,-36.8987731933594,7.89133700891398e-05,101365.8125,76.6450958251953,0.547243118286133,0.0147162452340126,32.5,431.4375,47.6171875,0.41414999961853,0.90886914730072
297.561828613281,359.1328125,375.25,0.333051890134811,-81.7775573730469,1.47341606862028e-05,101669.8671875,74.6726455688477,-0.832061767578125,0.014019506983459,5.75,431.6875,52.125,1.81428956985474,-0.0968494415283203
298.499938964844,379.8828125,368.9921875,0.331568121910095,-76.2773132324219,7.2219754656544e-06,101280.2890625,76.1407699584961,4.30047607421875,0.0151365976780653,12.25,434.5,51.984375,2.41226577758789,2.63428688049316
298.938293457031,387.4140625,362.8359375,0.170699030160904,-44.1569519042969,6.1075061239535e-06,100883.0234375,79.8693237304688,2.62139892578125,0.0163590013980865,19.875,436.1875,50.78125,1.63895356655121,0.588281869888306
299.493774414062,379.6875,365.1953125,0.196892529726028,-49.605712890625,6.57824193694978e-06,100963.4765625,78.6161575317383,1.16043090820312,0.0166093409061432,10.5,439.375,51.28125,1.19123482704163,-1.35381698608398
299.495635986328,377.046875,367.5625,0.282124817371368,-60.8082275390625,2.38357279158663e-06,101214.859375,71.4998016357422,-0.334197998046875,0.0149641446769238,5,440.5625,51.6953125,0.965864181518555,-1.92012548446655
299.148010253906,397.4765625,296.5859375,0.236740857362747,-52.0059814453125,1.85899480129592e-05,101174.8046875,75.0217590332031,-1.77377128601074,0.0154205868020654,38.5,441,40.9921875,0.78253185749054,-0.413267374038696
298.948425292969,396.0234375,348.375,0.208174839615822,-44.4049377441406,2.88419814751251e-05,101161.8359375,80.9833450317383,-1.90554618835449,0.016500860452652,32.125,440.375,48.3984375,0.660573840141296,-0.862034320831299
300.39697265625,385.3828125,363.28125,0.224021941423416,-52.6839294433594,-4.96286816087377e-07,101149.1328125,71.931526184082,0.169158935546875,0.0158208236098289,17.875,441.5625,51.1328125,1.6732394695282,-1.20643627643585
301.150604248047,393.5078125,357.125,0.188003733754158,-45.4121398925781,1.19132937470567e-06,101183.0859375,69.7148818969727,-0.38519287109375,0.0159474536776543,8.875,445.0625,50.6171875,0.572125315666199,-1.24234402179718
300.015533447266,404.4921875,302.7265625,0.312715768814087,-75.3245849609375,5.11812095282949e-06,101436.5546875,81.4337844848633,-1.62518310546875,0.0176150240004063,31.25,447.75,43.2421875,0.599974155426025,2.68181991577148
300.484100341797,416.1640625,198.9765625,0.26815864443779,-61.024658203125,0.000128773259348236,101627.0234375,82.4604187011719,0.955963134765625,0.018303956836462,42.75,447.6875,29.4296875,1.18804180622101,2.93407773971558
300.150421142578,417.515625,329.0703125,0.261792838573456,-61.6635131835938,0.000267975789029151,101792.203125,84.0301284790039,-0.08197021484375,0.0183123666793108,48.5,445.875,44.828125,-0.557922005653381,2.98144626617432
299.921752929688,399.25,352.8828125,0.171436384320259,-45.1767883300781,2.09605309464678e-06,101638.6171875,86.7691802978516,-1.33059692382812,0.0186282526701689,17.75,445.9375,49.6640625,-0.826218366622925,2.75226950645447
299.872863769531,398.625,344.6796875,0.173308938741684,-45.1958312988281,1.6100543120956e-07,101435.25,85.4696426391602,-2.65740966796875,0.0183099862188101,22.25,448,48.03125,-1.61010074615479,0.588812708854675
299.241912841797,414.5703125,245.9140625,0.363272249698639,-74.9783020019531,0.000180882576387376,101182.7890625,84.6144256591797,-9.64340209960938,0.0175794530659914,58.25,447.875,35.59375,-0.327112436294556,-3.7470395565033
300.279968261719,415.734375,310.296875,0.121665067970753,-27.7887268066406,-7.69216740081902e-07,100710.3203125,86.7431793212891,2.31716918945312,0.0192326679825783,33.25,444.6875,42.359375,1.14625728130341,1.433185338974
300.443115234375,384.453125,366.5234375,0.373790293931961,-88.4264221191406,-1.1233909162911e-06,100847.609375,71.8203582763672,0.566986083984375,0.0160787757486105,10.5,446.8125,51.3984375,1.05448591709137,0.298755764961243
300.280364990234,401.1953125,289.0625,0.386672079563141,-88.1891784667969,4.56613452115562e-06,100969.453125,74.9877777099609,-1.97000122070312,0.0165905244648457,32.25,448.5,41.890625,0.818077683448792,-0.521693110466003
300.047790527344,377.8125,358.9375,0.561883330345154,-127.388275146484,1.32598711388709e-06,101464.4453125,67.128532409668,-5.634765625,0.0145435240119696,9,449.875,50.5234375,0.907051563262939,-2.06266117095947
300.046905517578,376.1328125,362.7421875,0.48184061050415,-116.690521240234,3.82555708711152e-06,101973.8671875,69.3356475830078,-5.95379638671875,0.0148923601955175,9.125,450.875,51.0390625,-0.482146978378296,-0.273729801177979
299.186462402344,402.1640625,218.0625,0.667822420597076,-155.084503173828,-5.1638107834151e-07,102299.578125,77.9922943115234,-15.6084289550781,0.015888337045908,39.5,450.125,32.6875,-2.71743202209473,2.76622819900513
299.684356689453,411.15625,310.671875,0.3555648624897,-75.9792175292969,4.69595306640258e-06,102034.171875,84.542121887207,-5.26220703125,0.0178672503679991,34,448.3125,43.8984375,0.145306825637817,4.06721496582031
301.936462402344,419.34375,355.96875,0.115882270038128,-24.8472900390625,1.38724681164604e-06,101770.5078125,79.3911361694336,2.05349731445312,0.0190475359559059,27,449.875,50.4375,-0.223402857780457,0.566865563392639
301.415466308594,406.75,356.1640625,0.131192624568939,-35.0868835449219,4.14312523844274e-07,101498.296875,85.6903686523438,0.34320068359375,0.0201122350990772,7.875,453.375,50.5625,-0.272854447364807,1.71857631206512
302.449371337891,420.9140625,341.40625,0.155458152294159,-35.8807983398438,5.40074370292132e-06,101297.984375,80.3801040649414,3.94793891906738,0.0201038960367441,25,454,48.734375,1.66582906246185,0.710072994232178
303.828460693359,421.328125,351.6171875,0.11975659430027,-30.1476745605469,4.83520034322282e-06,101504.3828125,66.5031890869141,0.78253173828125,0.0176990311592817,19.875,456.25,50.1328125,-0.466192126274109,-0.0217504501342773
302.773376464844,429.6796875,318.96875,0.142438262701035,-31.9468688964844,9.13061594474129e-05,101649.3515625,80.6049499511719,3.02127075195312,0.0202882010489702,41.75,455.75,44.9765625,0.799740552902222,0.815464973449707
302.218566894531,428.171875,278.2734375,0.188250586390495,-45.5421142578125,4.8877163862926e-06,101763.9453125,83.5130767822266,3.43206787109375,0.0205071214586496,42.75,455.25,40.7265625,0.879053950309753,1.60475897789001
301.7080078125,430.3828125,267.7890625,0.292271733283997,-73.0718994140625,5.92516007600352e-05,101816.0625,80.8553695678711,-1.42111206054688,0.0192893296480179,62.5,455.875,36.15625,1.08233857154846,0.199896097183228
300.942291259766,410.34375,329.5,0.365502446889877,-81.134765625,1.58823277160991e-05,101928.5,76.3800354003906,-3.86163330078125,0.017351757735014,19.25,455.6875,47,-0.486636996269226,0.665462136268616
301.538421630859,407.7109375,352.0625,0.314187347888947,-69.1164855957031,-8.93826836545486e-07,101783.5,83.0607299804688,-2.850830078125,0.0195890329778194,10.625,457.75,49.9765625,1.0115966796875,2.2857711315155
302.237426757812,399.3984375,351.640625,0.358791530132294,-85.781005859375,-2.2277316702457e-07,101349.609375,77.1225280761719,1.555419921875,0.0190855283290148,7,458.25,49.90625,1.57422125339508,0.996821165084839
302.364196777344,412.0390625,324.0390625,0.357399761676788,-83.3299560546875,7.20106181688607e-05,101090.4453125,77.7931823730469,-0.428375244140625,0.0194165296852589,16.875,458.8125,46.8515625,1.30312216281891,1.65713810920715
302.048645019531,404.3125,308.3203125,0.424077123403549,-97.28466796875,1.35660793603165e-05,101340.75,74.0270385742188,-0.98992919921875,0.0181269738823175,20.5,457.625,44.375,1.70430743694305,0.100185990333557
301.738983154297,399.578125,327.84375,0.329503357410431,-75.95849609375,4.9355526243744e-06,101270.015625,80.2718353271484,-1.7154541015625,0.0192306917160749,26.875,458.5625,46.03125,0.438350081443787,1.67898404598236
301.538330078125,437.4921875,168.8515625,0.352817833423615,-88.0784301757812,0.000113674337626435,100905.2265625,79.7525634765625,-5.02920532226562,0.0190240070223808,64.75,457.4375,24.6015625,-0.112382769584656,0.23801052570343
300.1298828125,417.4296875,318.21875,0.463216602802277,-102.765502929688,-1.46491106534086e-06,101250.359375,77.652702331543,-8.31503295898438,0.0169400125741959,41,455,44.65625,-1.51095616817474,-0.258381485939026
301.312286376953,416.96875,338.90625,0.390355259180069,-88.7366638183594,-1.37141194045398e-06,101272.8359375,84.1566619873047,-0.157379150390625,0.0197086613625288,21.125,455.6875,48.4765625,0.76409387588501,4.5067892074585
301.625,424.7421875,258.796875,0.300613343715668,-65.6077575683594,3.07156915368978e-05,101562.125,79.4796829223633,1.73818969726562,0.0188799314200878,55.375,452.8125,36.21875,1.46414792537689,2.9008960723877
299.618194580078,429.9609375,217.8359375,0.624294936656952,-163.380859375,0.000326106615830213,101157,83.4229125976562,-22.9877624511719,0.0176864750683308,74.625,452.375,30.78125,0.559675216674805,1.38901817798615
300.624847412109,402.4453125,332.09375,0.300117194652557,-63.5223693847656,3.12442693939374e-06,101572.21875,79.2986602783203,-1.37710571289062,0.0177553426474333,18,450.4375,47.8828125,0.773088574409485,1.68299841880798
300.314117431641,413.4140625,288.4453125,0.361456364393234,-87.9369812011719,6.60112054902129e-05,101768.8828125,79.5324172973633,-4.09060668945312,0.0174888782203197,49.75,450.1875,40.640625,-0.446622133255005,1.6424252986908
299.142791748047,409.515625,296.84375,0.365864813327789,-77.7144470214844,2.17150809476152e-05,101862.734375,79.7992095947266,-8.14227294921875,0.0163508169353008,43.75,448.25,41.734375,-0.831192255020142,1.20841932296753
299.714630126953,409.8515625,264.0390625,0.335495471954346,-78.1810913085938,2.96450070891296e-05,102003.40625,82.5542831420898,-7.71417236328125,0.017475938424468,34,450.8125,38.3203125,-1.08556842803955,0.736713171005249
299.950622558594,399.5078125,320.71875,0.308173716068268,-71.4549865722656,1.90113860298879e-06,101991.015625,85.5460205078125,-6.96353149414062,0.0183368064463139,12,452.1875,46.359375,0.00838494300842285,1.98916912078857
300.737091064453,400.328125,329.296875,0.227273404598236,-54.7915344238281,3.23220479003794e-06,101800.0078125,87.5125732421875,-3.26632690429688,0.0197070129215717,8.625,453.625,47.6171875,-0.0320194959640503,2.80678033828735
301.206848144531,409.8359375,327.5703125,0.262979477643967,-61.3859558105469,-1.91697881746222e-06,101515.53125,86.9310607910156,-2.0858154296875,0.0201899968087673,17.125,454.75,47.3359375,-0.0587766170501709,3.23336744308472
301.434020996094,427.046875,225.9921875,0.299887359142303,-69.3564147949219,8.90674054971896e-05,101578.5703125,82.9721069335938,-0.486419677734375,0.0194832272827625,39.125,454.75,33.4921875,-0.137560486793518,2.91360640525818
300.748260498047,418.3359375,240.0546875,0.400039732456207,-95.9463195800781,8.41906658024527e-05,101773.265625,79.984130859375,-8.49621391296387,0.0180087126791477,54.625,457,34.671875,-1.2113676071167,0.934546947479248
299.924560546875,421.9609375,225.1328125,0.573706448078156,-130.978820800781,4.26150181738194e-05,101568.0234375,78.7137680053711,-13.6467571258545,0.0168968457728624,56.875,455.375,32.0234375,-2.37518262863159,-1.98264706134796
299.325317382812,412.8359375,204.8515625,0.643393278121948,-150.5419921875,4.17345154346549e-06,101404.90625,77.6959838867188,-18.5133666992188,0.0161576885730028,66.75,452,28.8125,-3.02534770965576,-1.70877540111542
296.211669921875,418.1640625,92.0703125,0.758284628391266,-190.427703857422,8.63997338456102e-05,101335.7734375,86.0642852783203,-49.9493713378906,0.0148518970236182,89.625,446.5,13.671875,-2.8507251739502,-3.91173934936523
296.632385253906,393.6953125,318.9140625,0.494294345378876,-117.0625,9.06470449990593e-06,101395.5234375,82.5447311401367,-18.4895935058594,0.0145954061299562,34.5,442.9375,46.109375,0.304821014404297,-0.0710375308990479
298.752136230469,377.1640625,314.8984375,0.403303414583206,-89.3129272460938,5.0045764510287e-06,101206.125,78.1819534301758,-7.43469047546387,0.01570107601583,7.75,445.0625,45.390625,0.688523173332214,0.812562108039856
298.589111328125,387.90625,229.25,0.434169888496399,-102.538757324219,6.50589281576686e-05,101233.4921875,74.4617385864258,-10.1878662109375,0.014807241037488,21.5,446,33.671875,0.649705171585083,0.0421932935714722
298.070098876953,373.3515625,289.609375,0.468611836433411,-111.149261474609,1.0633576721375e-06,101588.515625,77.3178176879883,-15.3927612304688,0.0148720713332295,39.625,445.75,41.8125,-1.08947789669037,-0.362350821495056
298.389434814453,383.390625,269.828125,0.378660500049591,-85.2878112792969,1.98974862541945e-06,101532.0703125,84.3647232055664,-10.6502380371094,0.0165317095816135,31.875,444.9375,39.421875,-0.0869191884994507,2.43838357925415
299.214538574219,409.3203125,256.171875,0.324815064668655,-74.6114807128906,8.47878709464567e-06,101451.0234375,82.289680480957,-5.20095825195312,0.0169957708567381,75,445.75,36.640625,0.334405899047852,2.51512098312378
299.473327636719,407.7265625,279.3515625,0.175329357385635,-41.8961486816406,4.54324151633045e-08,101727.7578125,86.6604385375977,-1.78121948242188,0.0181144773960114,32,445.0625,40.6328125,-0.0925529003143311,1.81072902679443
300.481262207031,415.8359375,277.9375,0.20060633122921,-49.1234130859375,3.68931523553329e-06,101739.6796875,83.6720733642578,2.26926040649414,0.0186065603047609,47.125,446.5625,41.4296875,1.45204603672028,1.80276131629944
300.393432617188,400.0234375,306.4296875,0.274984359741211,-64.7750549316406,2.38141774389078e-06,101368.390625,81.7726211547852,1.9368896484375,0.0181382186710835,36.5,446.8125,45.25,2.8236985206604,0.610458612442017
299.611114501953,373.671875,304.8984375,0.66836154460907,-157.517211914062,-2.51612874535567e-07,101481.7890625,68.2234573364258,-6.76910400390625,0.0144755309447646,28.625,446.625,44.4609375,2.08585929870605,-2.07526683807373
300.052429199219,403.984375,296.3203125,0.413969486951828,-92.7935485839844,6.24460608378286e-06,101260.1640625,76.7849502563477,2.24725532531738,0.0167195610702038,22.875,445.8125,43.765625,2.9702320098877,2.69638061523438
300.872924804688,410.265625,291.1015625,0.232875987887383,-54.4444580078125,1.84417876880616e-05,101093.046875,79.9071197509766,3.1773681640625,0.0182822234928608,52.75,446.625,42.671875,2.5669116973877,1.16313195228577
300.622589111328,433.578125,157.0234375,0.28076907992363,-73.183837890625,0.000295194826321676,100598.0859375,84.4833526611328,3.177978515625,0.0191090106964111,69.75,447.1875,23.703125,2.12757563591003,2.51177597045898
298.824035644531,366.34375,308.5859375,0.695773243904114,-158.304412841797,1.21073198897648e-05,100707.828125,71.2116317749023,-12.2559509277344,0.014567325823009,11.625,445.75,45.1953125,2.84643316268921,-1.69967818260193
298.014556884766,393.25,132.28125,0.591730117797852,-141.39208984375,5.70992051507346e-05,101509.1953125,69.7477264404297,-15.2322387695312,0.0133582539856434,74.75,444,20.7109375,-1.46317923069,0.572749257087708
297.743133544922,410.5625,196.828125,0.362644791603088,-68.7623596191406,3.57252065441571e-05,101737.5,84.736572265625,-12.1617431640625,0.015978692099452,53.625,442.3125,30.1875,-3.05096960067749,0.0256543159484863
298.5625,420.2109375,233.7265625,0.17377433180809,-40.6980590820312,-4.68404437015124e-07,101434.078125,89.2765045166016,-3.504150390625,0.0177617110311985,53.375,441.4375,34.6171875,-0.789243698120117,2.06284523010254
300.117126464844,411.671875,275.296875,0.096706360578537,-23.4666442871094,0.000188685793546028,101018.234375,87.400764465332,5.14117431640625,0.0191522538661957,28.125,442.4375,41.265625,0.729103565216064,1.87853574752808
300.228973388672,407.640625,272.375,0.161266937851906,-42.1947937011719,0.000129688676679507,101170.3203125,84.016487121582,2.79241943359375,0.0185261163860559,30,443.625,40.5078125,1.70437741279602,0.0219876766204834
297.925750732422,352.1953125,300.9609375,0.831404447555542,-188.713989257812,-5.45181194411271e-07,102014.3671875,64.9480285644531,-20.1142883300781,0.0125001901760697,11.375,444.125,44.40625,0.704750895500183,-2.60243535041809
296.910858154297,349.3828125,294.828125,0.555820107460022,-122.844146728516,1.0580604794086e-05,102267.7265625,65.6022644042969,-13.277250289917,0.011579742655158,7.875,442.0625,43.9140625,0.0754261016845703,0.510533690452576
297.264038085938,370.9921875,280.9765625,0.461708962917328,-107.02978515625,2.26234915317036e-05,101901.078125,79.7585678100586,-15.9916343688965,0.0144964475184679,16.75,442.3125,41.9375,-1.08003103733063,1.52574157714844
297.991790771484,376.265625,282.7890625,0.283288240432739,-67.9667663574219,-3.64339393854607e-06,101890.3671875,83.810905456543,-9.04598808288574,0.01600731164217,12.625,442.125,42.6875,-1.33761310577393,0.00642359256744385
298.482116699219,407.28125,198.1796875,0.260694980621338,-64.9191284179688,2.09185527637601e-05,102230.0234375,87.4113922119141,-7.92211723327637,0.0171410571783781,78.5,442.625,29.703125,-2.51382780075073,-0.829620242118835
298.07421875,427.984375,120.984375,0.213157311081886,-35.1991577148438,0.000177258349140175,102255.640625,89.3241271972656,-11.0438537597656,0.0171008314937353,83.5,442.5,18.328125,-1.93626809120178,-0.297267317771912
297.490844726562,413.328125,156.234375,0.351109027862549,-85.081298828125,1.63913034612051e-06,101960.78125,87.6173934936523,-14.4040832519531,0.0162470787763596,68.375,442.25,24.75,-0.687691807746887,-2.67874145507812
296.252349853516,386.1484375,242.4296875,0.742900192737579,-166.898010253906,-5.49437743302406e-07,102220.28125,81.4475555419922,-31.8396606445312,0.0139931039884686,36.375,440.25,36.8671875,-4.35689496994019,-1.26153087615967
295.804443359375,371.234375,267.078125,0.428494215011597,-91.0303955078125,-1.05420326690364e-06,101957.3046875,85.5951614379883,-21.4014263153076,0.0143787078559399,10.125,438,41.125,-1.6832549571991,-0.307238936424255
298.12255859375,381.953125,257.453125,0.487598031759262,-118.946624755859,5.82867414777866e-07,101870.265625,78.7374267578125,-6.72714233398438,0.0151863442733884,21.75,438.375,38.7734375,0.431049704551697,-1.95450186729431
293.216857910156,317.3046875,283.5546875,1.18165099620819,-274.483154296875,-1.96332052837533e-08,102490.125,65.4219970703125,-64.1774597167969,0.00935251824557781,0.25,434.5,42.828125,-1.03866147994995,-3.60474395751953
293.350158691406,330.171875,275.6640625,0.608148396015167,-136.715911865234,2.79054506790999e-06,102366.28125,75.1522750854492,-31.8135681152344,0.010790447704494,4.25,431.5,42.0625,-1.01432919502258,0.319291353225708
295.979827880859,393.8515625,114.5,0.255297929048538,-57.7788696289062,4.97617511427961e-05,101734.2890625,88.0329132080078,-11.6270141601562,0.0149406874552369,76.125,430.5,18.140625,-0.262144088745117,1.29514098167419
295.188385009766,396.796875,202.2265625,0.478395342826843,-117.135986328125,2.65625385509338e-05,101312.71875,85.0277252197266,-18.6911010742188,0.0138147240504622,78.5,429.125,30.1171875,-1.57262873649597,-3.32779312133789
290.389190673828,296.28125,276.5546875,1.65197420120239,-388.138244628906,1.87541570539906e-06,102292.859375,64.3107833862305,-109.669677734375,0.00777963362634182,7,426.125,41.9453125,-1.94525146484375,-5.22092914581299
289.570404052734,295.8671875,271.8359375,1.26794874668121,-294.322967529297,-2.35618972510565e-06,102918.25,66.8519592285156,-83.0120849609375,0.00750568369403481,4.125,421.625,41.7421875,-2.56835556030273,-3.53468942642212
289.317443847656,293.25,271.8671875,1.18658101558685,-276.631591796875,-3.49131880739151e-07,103270.625,65.9649047851562,-77.6228637695312,0.00723980087786913,1,417.5,41.6640625,-2.43679618835449,-3.67415618896484
289.894012451172,291.859375,271.265625,0.804919540882111,-176.216186523438,-9.4671452188777e-07,102432.15625,65.0104446411133,-41.4456176757812,0.00741642154753208,0,414.0625,41.5859375,0.656473159790039,-3.24445533752441
292.215454101562,311.015625,262.7890625,0.530093371868134,-120.595123291016,-9.94312813418219e-07,101550.203125,68.8177337646484,-18.1623840332031,0.00934192817658186,0.25,412.6875,40.8515625,2.5592212677002,-0.61280632019043
293.758880615234,350.4375,166.1640625,0.324739813804626,-78.07080078125,2.00840281650017e-06,101620.4453125,76.1666488647461,-4.96875,0.0113137345761061,73.5,412.375,26.203125,2.08357429504395,2.28705215454102
292.923797607422,362.1640625,123.890625,0.366575121879578,-81.9088134765625,1.19663709483575e-05,101931.5390625,77.2978363037109,-12.6201782226562,0.0108756497502327,81.375,412.25,19.6484375,0.636996269226074,2.57543754577637
291.886383056641,391.0859375,172.5,0.203835606575012,-48.8923645019531,5.04296258441173e-05,101877.171875,91.0274810791016,-14.827392578125,0.0120046064257622,67.375,411.625,26.734375,-1.66758286952972,0.254686117172241
293.617126464844,396.5,179.8828125,0.036169521510601,-11.4593200683594,3.66493395631551e-06,101548.9765625,92.1391830444336,-1.31900024414062,0.0135957598686218,69.625,411.4375,28.5625,0.25163459777832,-0.614802598953247
294.686737060547,372.9296875,215.6484375,0.0273079201579094,-8.39642333984375,5.12403175889631e-06,101288.109375,91.8535003662109,2.94473648071289,0.0144956698641181,50.75,413.375,33.5546875,0.599813461303711,3.0886378288269
295.113403320312,393.765625,153.5625,0.0119178742170334,-0.717926025390625,9.62999038165435e-05,101066.0078125,92.3188323974609,4.51519775390625,0.0149790048599243,59.375,414,24.484375,-0.598630309104919,4.69495391845703
292.786468505859,355.765625,239.984375,0.546251952648163,-143.926208496094,4.78212896268815e-05,100738.78125,80.9978179931641,-30.4706115722656,0.011594926007092,40.625,414.25,37.109375,2.85065841674805,0.40858268737793
292.531646728516,334.2265625,239.0546875,0.414366662502289,-92.3952331542969,-1.92847664948204e-07,101354.6953125,76.9242935180664,-17.1747131347656,0.0106729986146092,2.625,413.4375,38.3828125,1.25790214538574,2.39548873901367
291.133911132812,343.2109375,194.15625,0.760130405426025,-187.01171875,3.34151372953784e-05,101571.1328125,72.2707138061523,-45.5171508789062,0.00932089798152447,38.5,413.25,29.7421875,0.771614074707031,-2.77176284790039
289.982788085938,293.25,243.8203125,0.701518893241882,-151.769592285156,-1.73017042470747e-06,102218.8828125,61.3035736083984,-34.1421699523926,0.00710320239886642,0,410.375,38.7734375,1.0672914981842,-2.39039897918701
290.067474365234,305.2265625,231.2421875,0.455959022045135,-101.350280761719,-9.01396504104923e-08,102333.8515625,68.7656326293945,-23.3552742004395,0.00798075739294291,29.25,407.9375,36.515625,-0.736935496330261,-0.977083325386047
290.736145019531,330.9140625,221.0859375,0.40860390663147,-92.135009765625,-1.41711041123926e-06,101981.703125,76.7440719604492,-21.1450481414795,0.00937712751328945,36.25,407.5,35.390625,0.643504858016968,-1.73831391334534
291.049377441406,311.2734375,234.1171875,0.34036311507225,-79.6162109375,1.15202601591591e-06,102139.2734375,73.5932006835938,-12.5938720703125,0.00914938375353813,6,406.0625,37.7109375,0.717369079589844,1.44026613235474
292.46337890625,328.5390625,228.265625,0.306590646505356,-74.3063659667969,5.62663728942425e-07,101295.640625,78.9166030883789,-0.550468444824219,0.0108504174277186,1.375,404.8125,37.234375,2.05910778045654,3.18207836151123
292.807495117188,328.7578125,230.765625,0.424497336149216,-100.005950927734,8.99003111953789e-07,101415.1953125,68.4591217041016,-3.12838554382324,0.00965574849396944,17,404.9375,37.40625,1.93707513809204,-2.27546167373657
290.486083984375,298.8125,222.5859375,0.410145968198776,-94.3636779785156,-3.20449862556416e-06,102254.3203125,67.7500915527344,-13.5846557617188,0.00809411332011223,26.625,402.75,35.6875,0.484018325805664,0.628509521484375
291.932434082031,364.984375,100.59375,0.24093721807003,-52.5547485351562,2.35932793657412e-06,101960.53125,83.1041259765625,-3.99365997314453,0.0110328448936343,97.625,402.3125,17.46875,1.60179138183594,4.2808952331543
292.731048583984,396.484375,43.875,0.00519806146621704,-1.13665771484375,7.55327855586074e-05,101714.3828125,94.1302795410156,1.58987617492676,0.0131114376708865,99.875,402.0625,7.7421875,0.280739068984985,1.64148819446564
291.772918701172,404.375,34.40625,0.125947430729866,-18.7591857910156,8.14494851510972e-05,101533.3984375,92.9756240844727,-8.88720321655273,0.0122216455638409,99.375,402.5,5.9609375,-4.4940013885498,-2.31462073326111
291.459075927734,380.4453125,165.4609375,0.100257255136967,-24.4141235351562,-3.04250363569736e-07,101257.921875,91.7874221801758,-4.11602783203125,0.0118682738393545,68,400.875,28.1796875,1.18896210193634,-3.23631072044373
291.067565917969,299.234375,217.2734375,0.350469768047333,-83.0892944335938,1.1294565638309e-07,101613.5390625,73.0591659545898,-9.16299438476562,0.0092253377661109,1.75,400.6875,36.1171875,1.92710256576538,-0.79050087928772
291.640655517578,314.453125,208.90625,0.319983661174774,-71.3077392578125,2.61528924738741e-07,101642.296875,77.9454803466797,-5.828369140625,0.0101644564419985,15.625,401.9375,34.453125,0.270036339759827,4.57767486572266
290.853302001953,387.0625,36.8203125,0.354148417711258,-93.8030090332031,0.000105457038444001,101705.625,91.6859741210938,-36.9871520996094,0.011497026309371,86.25,402.375,6.453125,0.555425643920898,-0.917497992515564
286.045928955078,292.796875,214.7578125,0.906621038913727,-212.152587890625,1.04554119388922e-05,102493.234375,68.4497909545898,-76.5016174316406,0.00615534884855151,26.75,400.1875,35.859375,-0.215431213378906,-3.55199980735779
287.985290527344,290.71875,206.9296875,0.426913678646088,-95.7816467285156,-7.29408952793165e-07,102967.2890625,67.3508682250977,-23.6138591766357,0.00686705950647593,8.5,397.125,34.859375,-1.61748540401459,1.18161237239838
290.527648925781,337.265625,147.765625,0.110343351960182,-20.3422241210938,2.41229258790554e-06,102599.109375,87.8403778076172,-4.71139526367188,0.0105500100180507,15.125,396.8125,26.578125,-1.17273664474487,1.09798777103424
291.768798828125,354.34375,188.796875,0.0173798836767673,-1.99807739257812,8.68077495397301e-06,102389.078125,91.9527893066406,0.651176452636719,0.0119830276817083,30.5,397.5625,32.3828125,-0.143781661987305,0.821964263916016
292.157623291016,349.171875,171.8671875,-0.0153498277068138,3.41732788085938,4.75530850962969e-06,102379.5546875,94.3484573364258,2.83294296264648,0.0126108098775148,32.5,397.9375,29.8984375,-0.501462936401367,2.18513870239258
292.958190917969,361.328125,155.0859375,-0.00853802263736725,1.75650024414062,1.72566997207468e-05,102318.3671875,93.4660491943359,3.34625244140625,0.0131024867296219,18.875,399.4375,27.671875,-0.838350296020508,2.02384185791016
292.291137695312,340.1640625,153.65625,0.0218289196491241,-4.46343994140625,1.21139066777687e-06,102147.6015625,91.4871063232422,0.579957962036133,0.0123521946370602,34.125,400.25,26.8046875,-0.980791091918945,1.6849250793457
291.880920410156,354.4765625,158.125,0.0758064836263657,-17.59130859375,2.09887912205886e-06,101515.578125,91.1781616210938,-1.78236198425293,0.0120581174269319,24.5,400.625,27.8203125,0.512029647827148,1.00080299377441
287.969482421875,378.0859375,39.5078125,0.647501051425934,-134.186248779297,0.000125660633784719,102008.3359375,86.550910949707,-73.8063201904297,0.00891182664781809,95.375,400.875,7.109375,-1.51028060913086,-4.66649627685547
289.063537597656,386.875,82.828125,0.237707674503326,-44.8490905761719,2.7606565708993e-06,102040.8203125,91.8162994384766,-18.6224689483643,0.010163826867938,84.5,398.6875,15.171875,-1.04813385009766,-2.64989399909973
290.658416748047,387.2890625,71.671875,0.0866780430078506,-18.0735473632812,4.71657415346272e-07,102131.234375,91.6356506347656,-5.63735961914062,0.0111860418692231,87.5,395.5,12.9453125,0.263759613037109,-1.11343765258789
290.926940917969,392.9609375,92.140625,0.0607686676084995,-12.1027526855469,1.47717923937307e-06,101851.8046875,90.9789886474609,-2.67259979248047,0.0113301314413548,85.625,395.8125,16.5390625,0.402627944946289,1.27689743041992
291.715972900391,399.6640625,43.7890625,-0.00692522898316383,1.94302368164062,0.000300175190204754,100786.4140625,95.3084030151367,1.74588012695312,0.0125722698867321,93.625,395.625,8.8203125,-0.766145706176758,1.09293365478516
286.860809326172,364.4140625,81.65625,0.617984354496002,-158.438049316406,0.000119835902296472,100683.7109375,88.7559051513672,-83.3272399902344,0.0087967524304986,85.25,395.5,14.6640625,-0.00591087341308594,-4.93145179748535
283.050842285156,298.828125,183.9140625,0.787956833839417,-175.073333740234,-2.602884251246e-06,102958.2734375,69.2249069213867,-79.345458984375,0.00511771067976952,31.5,391.875,32.5703125,-1.61473274230957,-2.41891098022461
286.049011230469,333.6640625,57.5546875,0.346321523189545,-68.9053955078125,0.000139007432153448,102143.65625,84.2472839355469,-35.5962829589844,0.00776096433401108,57.625,389,11.5546875,0.102495193481445,2.54656791687012
282.540405273438,263.3828125,171.421875,1.531325340271,-376.492279052734,-2.43649128606194e-06,101525.953125,65.7610244750977,-169.872436523438,0.00492225075140595,22.5,385.625,30.9921875,5.24419069290161,-3.98921966552734
283.366760253906,262.71875,176.2890625,0.750662446022034,-172.332641601562,-2.46473200604669e-06,101913.8203125,58.5741653442383,-60.4510192871094,0.00441825157031417,18.125,380.1875,31.9140625,3.63818502426147,-0.112800598144531
286.355865478516,279.875,174.3984375,0.201224818825722,-45.626953125,8.89462796749285e-08,102894.1875,74.714714050293,-9.19061279296875,0.00684422301128507,1.875,377.8125,31.890625,0.129906177520752,1.32265853881836
287.441436767578,295.765625,168.8515625,0.102736100554466,-22.2803649902344,-3.60236299457029e-06,102948.125,86.6219940185547,-2.17630004882812,0.0085304556414485,9,377.0625,30.9765625,-0.115486145019531,3.65151405334473
288.522216796875,316.8515625,152.8125,0.019764706492424,-4.32113647460938,4.90969341626624e-07,102640.9453125,89.8749084472656,0.397613525390625,0.00949282292276621,29.875,377.8125,28.125,0.120873689651489,0.72334098815918
288.835296630859,299.4375,167.390625,0.0165860615670681,-4.45257568359375,6.77989419273217e-07,102653.953125,87.4889068603516,-0.953399658203125,0.00942066870629787,4.375,377.8125,31.1328125,0.340198874473572,1.19319820404053
289.166198730469,304.4921875,164.359375,0.0292826443910599,-7.9630126953125,-9.4384142812487e-07,102813.4375,86.0904083251953,-1.55392456054688,0.0094401640817523,0,380.0625,30.8125,-0.33657968044281,0.793560028076172
289.354064941406,310.828125,161.5625,0.017364464700222,-3.74246215820312,-4.53595738747481e-09,102836.03125,86.9403381347656,-0.334747314453125,0.00964457355439663,1.75,380.875,30.515625,-0.160884857177734,0.681821823120117
289.256652832031,326.1875,158.1171875,-0.00411909073591232,2.15402221679688,1.75618413322809e-06,102375.109375,92.5478744506836,3.003173828125,0.0103029916062951,0.125,381.75,30.1171875,-0.0858058929443359,2.37797427177429
290.3818359375,372.3046875,52.0546875,-0.0552734583616257,15.10595703125,0.000120485899969935,101806.6953125,96.7516632080078,10.0694274902344,0.0116218756884336,57.75,383.25,9.59375,0.394752502441406,3.48775887489319
289.9423828125,389.0390625,70.1015625,0.040045902132988,-14.9511108398438,0.000323909509461373,101394.515625,96.0859680175781,-4.94827270507812,0.0112851895391941,99.625,384.875,13.40625,0.529041409492493,-1.0260009765625
285.669952392578,346.2265625,81.1484375,0.261444807052612,-52.2763671875,7.70591555010469e-07,101681.9375,87.0708541870117,-19.8263244628906,0.00773800117895007,62.5,383.125,16.3671875,1.04372882843018,-2.84901857376099
285.57275390625,267.359375,155.5859375,0.427267372608185,-98.0898132324219,-7.23281914360996e-07,102103.5703125,66.2158050537109,-25.7172546386719,0.00584778748452663,16.625,380.875,29.515625,1.71609914302826,-1.94857907295227
286.919891357422,337.0546875,94.453125,0.213175147771835,-43.0007019042969,2.36602488712379e-08,101975.8203125,78.1504516601562,4.88296508789062,0.00760851008817554,61.5,379.1875,18.765625,-1.03164005279541,3.97028684616089
287.077087402344,277.421875,158.2578125,0.572806119918823,-152.492767333984,1.13976939246641e-05,101479.7578125,64.0456008911133,-24.6094970703125,0.00656397268176079,6.625,380.0625,30.2421875,3.75340557098389,0.690256118774414
283.984619140625,264.5078125,142.4375,0.772200644016266,-196.08447265625,-1.90989067050396e-06,101697.9375,61.5919570922852,-65.4417419433594,0.00488246232271194,21,378.4375,26.953125,3.55482149124146,-0.316238403320312
279.090393066406,301.7578125,99.46875,1.23054087162018,-283.144561767578,1.24363987197285e-06,103027.2421875,61.9765625,-160.586395263672,0.00349520868621767,75.25,374.375,19.125,3.27821159362793,-5.60381507873535
279.134521484375,252.640625,149.609375,0.668609917163849,-149.333892822266,7.37056893740373e-07,103674.5703125,63.671875,-75.0938415527344,0.00360986846499145,17.875,369.9375,29.0546875,0.237928032875061,1.30342674255371
283.555114746094,264.5859375,150,0.424281358718872,-97.6918029785156,-6.61695366943604e-07,103074.7890625,76.0280685424805,-35.2010040283203,0.00579371023923159,7.625,368.6875,29.3359375,1.67233467102051,4.61784744262695
286.083343505859,321.0234375,134.6171875,0.0839082598686218,-17.2649230957031,-2.10771418096556e-07,102758.890625,80.2824783325195,-3.0040283203125,0.00720872078090906,35.25,367.125,26.125,1.20747828483582,0.273237228393555
286.208282470703,338.484375,114.8984375,0.0973552912473679,-22.5779113769531,4.07093330068165e-06,102780.5078125,81.6857604980469,2.73635864257812,0.00744720688089728,76.125,366.6875,21.7734375,-1.97919261455536,-0.990163803100586
285.657836914062,319.7421875,120.609375,0.304627805948257,-84.2389526367188,6.89144580974244e-05,101836.328125,83.8541564941406,-16.1104583740234,0.00754657387733459,45,368.125,22.875,2.01355171203613,-1.99532699584961
281.498596191406,248.90625,145.921875,0.530671715736389,-117.892425537109,2.48297737925895e-06,102712.3125,61.5346870422363,-45.5275268554688,0.00409312359988689,7.25,366.0625,28.828125,1.95074510574341,-3.40172863006592
282.917510986328,289.1875,133.6640625,0.240503966808319,-51.9257507324219,9.43391626151424e-07,102803.03125,76.5999984741211,-15.9230041503906,0.00564244762063026,42.875,363.375,26.171875,0.183500289916992,3.49718475341797
287.177429199219,342.3984375,129.6484375,-0.0336330533027649,9.74560546875,2.08345609280514e-05,101885.4375,92.5180206298828,10.4131164550781,0.0090360464528203,48.75,364.25,26.234375,0.658775329589844,4.20353412628174
287.350067138672,358.03125,68.03125,0.00660528242588043,-1.12371826171875,-1.83317661139881e-06,101869.75,81.4036407470703,1.24185180664062,0.00805838033556938,83,363.6875,13.796875,-0.0347110033035278,-1.58285129070282
285.880523681641,322.2890625,115.46875,0.0947276428341866,-24.1925659179688,9.76256842477596e-07,101723.734375,79.2030258178711,1.84014892578125,0.00710274092853069,55.625,364.5,22.765625,0.869606852531433,-0.997671127319336
283.382385253906,256.390625,139.4375,0.201667040586472,-46.0371704101562,1.06484876027935e-07,102138.546875,70.3014450073242,-11.1260986328125,0.00532223004847765,9,363.3125,28.046875,0.58336353302002,0.116239547729492
285.861572265625,365.625,35.7421875,-0.0634752735495567,21.98291015625,0.000180978880962357,100737.703125,91.2279739379883,21.1745300292969,0.00838993303477764,85,364.375,7.34375,-1.96074676513672,3.24528694152832
283.656311035156,309.2578125,59.640625,0.447225987911224,-119.636596679688,-3.3903108942468e-07,100312.3984375,76.8547973632812,-45.62548828125,0.00630685174837708,62.125,364.75,12.9375,3.92901730537415,0.450710296630859
279.075347900391,277.25,106.078125,0.708690822124481,-169.855743408203,-8.64504499986651e-07,101662.203125,62.1038398742676,-82.1764526367188,0.00353447091765702,35.25,361.3125,21.296875,3.52751779556274,-0.308061599731445
280.568481445312,244.578125,136.8203125,0.35619592666626,-79.9981079101562,1.15422733415471e-06,102523.75,64.4560089111328,-29.8197326660156,0.00402215588837862,13.375,358.5625,27.6015625,1.46631240844727,0.891319274902344
282.850708007812,330.328125,65.2734375,0.225026354193687,-49.9380493164062,1.55484904098557e-05,102117.296875,74.5918502807617,-11.0652465820312,0.00548995845019817,90.75,358.125,13.4765625,1.00418472290039,3.49734306335449
283.175231933594,325.0859375,115.34375,0.265504062175751,-72.5797119140625,0.000316401827149093,100995.8125,86.3496627807617,-21.2545776367188,0.00658768555149436,67.75,357.25,22.515625,2.04166221618652,-4.24409675598145
279.035552978516,304.8203125,84.3828125,0.594750642776489,-141.603729248047,2.05499009098276e-06,101458.953125,66.5478515625,-68.9884643554688,0.00379705685190856,80,355.9375,16.9140625,3.0471134185791,-3.63479804992676
276.949035644531,297.4453125,51.1796875,0.503324747085571,-119.092864990234,9.79914602794452e-07,101252.984375,64.0594024658203,-72.6654052734375,0.0031444700434804,77.125,354.1875,11.5546875,1.01898527145386,-2.44288063049316
276.576263427734,261.9296875,133.6875,0.675740957260132,-158.914459228516,-1.10393341401505e-06,101055.890625,66.291145324707,-96.4725952148438,0.00318546872586012,33.625,349.875,27.515625,2.61017107963562,-4.46708106994629
277.472991943359,265.453125,78.9609375,0.375942498445511,-85.24462890625,2.03137403786968e-07,101327.1484375,68.2814636230469,-46.0628662109375,0.00347726279869676,45.625,348.8125,16.28125,1.49074363708496,0.346840977668762
279.648254394531,248.578125,130.8828125,0.167519375681877,-38.9058837890625,-1.74920853623917e-06,101732.1796875,75.5629501342773,-15.5147399902344,0.00447916798293591,5,347,27.1796875,0.864906311035156,-0.357452392578125
280.880432128906,263.265625,127.15625,0.0682983174920082,-14.8495483398438,-1.9619548652372e-07,102353.234375,87.3272399902344,-4.2445068359375,0.00561253493651748,7.5,345.75,26.640625,0.264694213867188,2.68191146850586
282.721984863281,319.0859375,101.4765625,-0.0386904738843441,10.4577331542969,9.00120448932284e-06,101867.6171875,96.7074661254883,10.9185180664062,0.00704884296283126,54.875,344.75,20.515625,0.145570755004883,2.52251815795898
284.611724853516,313.7890625,125.9609375,-0.0285071432590485,6.62930297851562,8.32558725960553e-06,101605.6640625,90.1495742797852,8.34698486328125,0.0074314191006124,47,346.25,26.3515625,1.13406944274902,2.14307880401611
281.861297607422,312.0078125,32.078125,0.0621499456465244,-19.0737609863281,0.000186469595064409,101448.8125,87.0274429321289,-11.1882934570312,0.005981988273561,69.25,348.1875,7.03125,-0.157642364501953,-2.98555374145508
277.182922363281,267.3046875,121.8203125,0.512708961963654,-119.940338134766,-4.27439147188124e-07,102409.125,66.8713073730469,-68.9242858886719,0.00337025918997824,54.375,347.5625,25.15625,1.69262313842773,-4.37763404846191
277.707855224609,289.1953125,43.6484375,0.290917217731476,-63.2913513183594,0.000152191598317586,102375.0390625,75.9790725708008,-43.0054321289062,0.00395040540024638,68.875,344.9375,9.875,-3.25254821777344,-2.97777938842773
276.926513671875,299.7109375,111.3515625,0.385809600353241,-93.7560729980469,4.89568701595999e-05,101165.3125,84.7615051269531,-75.2908325195312,0.00429862644523382,74.125,343.25,22.8125,1.03540802001953,-5.73449897766113
274.828491210938,276.8984375,79.578125,0.369580149650574,-84.1331481933594,3.48441631103924e-07,102427.7734375,79.9917297363281,-69.3737182617188,0.00334707903675735,54.125,340.5,16.7578125,1.00145149230957,-4.20920372009277
274.168243408203,234.9140625,123.40625,0.289339125156403,-64.3965454101562,2.21945128942025e-06,103003.0625,75.5016174316406,-52.386474609375,0.00299711781553924,35.25,337.9375,25.0859375,0.678109765052795,-1.85004997253418
277.534484863281,304.4375,45.1328125,0.107325911521912,-23.142822265625,1.97289882635232e-05,102286.609375,85.8209838867188,-14.8116149902344,0.00438630254939198,90.25,336.6875,9.9140625,0.12835693359375,1.49749374389648
278.049530029297,309.7421875,76.7734375,0.0329563096165657,-7.18191528320312,-1.09679513116134e-06,101401,91.6437454223633,-6.6123046875,0.00486791506409645,76.375,335.1875,16.15625,0.207362294197083,-0.0461635589599609
279.746734619141,280.3828125,112.7421875,0.154344469308853,-41.3703918457031,1.0732877854025e-05,101121.5,79.5890045166016,4.72451782226562,0.00476874597370625,43.625,335.75,23.4375,2.91524052619934,-0.550931930541992
278.644409179688,243.28125,126.2734375,0.122109107673168,-26.4519958496094,2.66129268311488e-06,102787.2421875,76.7276840209961,-6.40615844726562,0.00418706238269806,23.625,336.25,25.8125,0.528921127319336,0.157604217529297
281.194458007812,327.453125,67.5546875,-0.0827331691980362,29.9410095214844,5.93135810049716e-05,101961.5,92.0046234130859,35.4415893554688,0.00610364507883787,70.375,336.5,13.734375,-1.69992697238922,4.31081008911133
281.231414794922,330.0234375,41.3515625,0.0624716877937317,-31.0614624023438,0.000189131053048186,100219.078125,91.7699737548828,-20.9605102539062,0.00648045632988214,85.625,339.0625,8.78125,1.17631125450134,2.52957153320312
272.501129150391,220.46875,130.0859375,0.647458612918854,-149.334045410156,8.19195349777146e-07,101524.6328125,54.4737892150879,-109.225891113281,0.0019450030522421,21,336.75,26.9140625,4.29476547241211,0.0783767700195312
275.173004150391,226.2578125,131.7890625,0.237084865570068,-50.5840759277344,6.98379039931751e-07,102383.453125,63.3361053466797,-27.477783203125,0.00271913781762123,13.75,334.1875,27.1953125,0.0155906677246094,0.260534286499023
278.047302246094,273.984375,90.1328125,0.0950381755828857,-20.8965454101562,8.32504269965284e-07,102381.53125,85.6224212646484,-7.24200439453125,0.00451274588704109,56.125,333.125,19.0078125,-0.102563381195068,3.54032897949219
277.982055664062,278.28125,110.2421875,0.270948469638824,-68.9285278320312,-1.18058051157277e-06,102859.515625,72.1787490844727,-25.308349609375,0.00384151795879006,56.625,333.5625,22.4765625,1.92023181915283,-3.62008953094482
275.92138671875,259.8359375,126.03125,0.230741769075394,-49.3013916015625,6.47229796868487e-07,103255.453125,64.7930145263672,-19.0238342285156,0.00294891279190779,50.25,331.3125,25.53125,-0.106910705566406,0.774415969848633
279.233154296875,336.640625,46.421875,0.00456656888127327,0.10601806640625,2.28266844715108e-06,102104.3125,91.6033020019531,8.60342407226562,0.00525155616924167,85.875,329.625,9.6015625,1.5121955871582,2.14918518066406
